"Year","cultivar","Treatment","0-10cm AP","10-20cm AP","20-30cm AP","30-40cm AP","P-aMT","P-aMTR","P-aMCR","A-aMCR","PA","PT","P-aPCR","A-aPCR","PHI","PEP","BR","SP","Yield","PUE","SB"
2018,"Cv1","CK",16.2004296596998,14.8718540912996,14.8817348863318,13.6368074879879,11.4934435240544,7.4153881361318,2.71665736651568,1.93689641460113,11.2099360181999,20.5253698398464,2.38649412792171,10.7667593236687,9.74359475931228,9.0524207904688,7.68976990754831,12.7866066121659,24.2606241716709,0.621705308287588,10.736992174586
2019,"Cv1","CK",18.6467720053015,17.8988700811285,17.0071202097506,19.8366593799415,11.7073778236598,13.0685911755162,7.1244145336015,7.78803344805563,21.191225048729,16.9487837828217,9.90612622839238,5.73537529936029,13.1759119401529,7.44707530713791,8.73075610642843,10.7637709326223,25.5896281316437,1.38122886573901,10.2544565762
2020,"Cv1","CK",24.0102896440302,24.7628654536338,21.5012294773288,17.7108881160012,18.6055238550556,10.4754634951632,13.3959544359057,4.9719342347466,30.5628169245342,26.9444375687086,17.1463199872392,12.9470443995009,14.6669517393754,15.3708377681863,19.0179517367358,21.6928901665129,23.6530335804521,1.45764738162267,13.2763393997963
2021,"Cv1","CK",22.8196358300449,23.4009073651103,22.4400577030997,23.1366396808687,14.0441602519079,13.3747635644015,4.43005064904497,11.296931786399,26.5627478689929,23.3807013745713,15.7937103786655,6.19901232462692,13.8164086435029,12.6320041420538,13.9666776615784,13.7537666067445,22.1942034772655,1.14598535668775,9.38344287599015
2018,"Cv2","CK",17.5799564231261,18.2978510886967,16.8232272864012,15.0323759005503,9.55333657927311,10.172399149614,8.0303189763503,6.40297064442652,14.1478683110973,11.8978396370402,6.16527000808694,4.60870806271591,7.84333280802253,7.95496901692063,12.4884251175173,4.80674625848932,20.6310160043342,1.12520121201215,7.70113119207773
2019,"Cv2","CK",22.5372569580346,20.6710549564453,19.5175351861644,21.0165215361455,14.3572389147369,6.79697159079798,10.5056483344289,11.7357328597686,12.6187417857835,14.6584551981129,5.85471328965459,10.8412294232347,9.10447759197838,9.00764224807348,8.44061653260385,8.87059529299017,24.5685438735519,0.814345568443188,11.3896616798909
2020,"Cv2","CK",21.8147054277103,23.8184295231496,21.046090682566,18.3372897226059,9.53204830952018,6.68614870957288,5.44983966615979,13.5104184959864,20.2507715324655,12.7375519373241,9.63683119866154,2.91452827562288,6.90512099396293,5.40049208845219,11.8080520824833,11.9553506594204,22.7513698806747,1.09511116165672,12.3620062200908
2021,"Cv2","CK",20.1484965779827,19.248547884378,18.9965349501229,18.211969802117,9.58141578660883,3.64651662847156,7.44021577548171,7.70675451602175,21.4747500638798,18.3103295330901,10.9109116308071,5.57636870640496,11.8959033124799,11.9908772143314,18.2247728751563,7.45496276116423,24.8154792680255,1.23702003666091,11.8142530607678
2018,"Cv3","CK",15.9476752490172,17.7479530160775,15.1895183556169,12.5401919430628,11.0994249028286,10.5277991424424,8.54664005011294,3.41222682062997,17.8253900692702,20.1813124896792,13.5241296913935,9.43107186931833,5.96598538637904,10.8773057975792,18.7580135018626,6.49511056263673,25.6975327067392,1.16977992694913,13.1619279677445
2019,"Cv3","CK",18.2158030440682,15.1894490150221,13.8501160428585,14.205390682401,9.93011912276905,7.49049832291715,4.77351910950122,3.21160609340428,10.8699648350052,8.20175310529456,3.2548448332314,5.70488875159666,9.05514716234064,4.15301970575307,6.64966121215287,5.86077502479157,21.3657187189559,0.492866701523465,11.8612398429089
2020,"Cv3","CK",23.3410366106108,22.3725119901422,21.9446507343192,23.1703199674264,13.8067391273091,16.737971105903,8.11580725197406,8.47902604027861,16.3606339824824,13.0036467536725,7.56602883258413,10.2101508733971,6.36624002688832,7.30157207289797,11.4453562214346,10.2505900822343,25.4094519334144,1.01982567878689,9.48432031616758
2021,"Cv3","CK",23.3982467013105,24.2731185577643,22.0978448742448,24.0239263838465,13.6932828925205,13.8575846036713,9.76231832332975,9.40076504445746,21.7683749419808,22.5141523829655,11.1203663483194,19.2182983772942,10.4009610282139,12.0474286026398,19.3888887377912,6.25129907441504,23.1007721269322,1.17334061479501,12.5527709006422
2018,"Cv1","Fertilized",23.1229238539923,21.0500605731581,20.9245476816782,21.1209486680625,11.9222164560718,13.0741179598269,8.18977931267148,14.4237852113867,22.9003841939337,10.7490297378276,7.43539441741166,7.77719458313806,9.5376915590452,9.73335510364849,11.8614758643818,4.97626168090094,27.1735766660397,0.898604338978855,9.85919668238767
2019,"Cv1","Fertilized",24.3284924161583,22.1994589638317,19.2246933613542,20.9895927432209,8.54102947244774,15.1028802379207,6.02291867472401,5.00850846907505,24.961563139499,24.851060281644,9.71769386414065,14.439890720483,9.95805687777116,9.0250692006567,14.3090657449712,15.867096845188,26.8049064954693,1.10949326453587,12.8490975296723
2020,"Cv1","Fertilized",24.7811907462238,22.3733826908134,17.1587206723726,18.0283565353651,15.915219358264,9.6845340515118,6.44764321056638,3.93169030457139,25.0870779762752,19.1443168601876,13.1443248339649,15.6559307812916,10.8291970784481,13.9755626713303,18.760727347051,15.935621822589,24.8774896290603,1.0143094513442,12.9054278834787
2021,"Cv1","Fertilized",31.2524453208019,28.6736754017938,28.3711273879726,27.1733150202366,21.0363857154217,15.8671314855824,16.9969703323485,9.6454259371413,23.7395448370542,16.0188505033166,13.1509798017444,7.1066523400499,10.4486084327107,7.1238078683648,9.72756946692714,10.7847118338198,28.7744813324617,0.993137849057806,10.7352377681424
2018,"Cv2","Fertilized",23.3170819092627,21.6613426094921,21.9221523499336,21.6377082073607,10.1241004395072,13.4370511154785,11.3898669787915,10.4177616734392,15.4038056335824,18.8009116186117,11.1221734449321,8.76040759277382,7.70138903744087,4.3888510745107,11.066036351567,13.8626822874167,27.2178818239581,1.35646826069747,12.5710880237207
2019,"Cv2","Fertilized",20.1738926710088,19.6706614304473,18.2418932950602,15.7839019778463,16.5515437579811,13.9433857792327,4.55296609954121,8.77689637035074,10.0057780439585,15.8715029805244,3.60577115266371,8.69556193909954,10.2286221319814,8.37779902742134,7.55729687827031,5.92182505446017,23.4187643748527,1.15880706374784,10.153673312261
2020,"Cv2","Fertilized",27.2955848188593,23.2742690719782,23.0304584538656,21.7526551997641,17.5328153623773,13.9250879749682,5.47743051455229,5.97725798218012,25.7814939785084,8.69699900122137,17.2524488529573,0.0882353660890978,5.90032669188392,5.59643873602602,11.3534642826667,9.84346045609473,26.3308297945147,1.04572468278996,12.3794854264397
2021,"Cv2","Fertilized",26.7330362317399,26.0510068817983,23.3171320941728,24.1485776566961,20.0647426240256,14.2889449600112,8.24690611562131,10.0405468817272,27.2357730016553,20.1265984266178,11.024217848869,4.55698924702492,11.9852747545363,11.3923065890029,8.67146246620025,18.2579396519193,31.9822075991958,1.63803950062424,7.52165948758206
2018,"Cv3","Fertilized",20.1857335408305,21.0407461104554,19.8500232002169,19.6619494154404,9.23992871077145,7.91570091341403,11.9263333829307,7.73610083248344,19.6815654559726,14.2454092348485,5.05193348947952,12.543072739539,11.1112460609481,5.78868588168244,10.3855482262216,9.93342031951788,24.1951807806354,1.4152525393392,9.24019160218914
2019,"Cv3","Fertilized",23.6711771549515,25.7275381823121,21.8152606182512,21.5012966156892,14.7030501580336,15.0524501740291,9.60414160255134,12.186138057553,17.4788338608832,16.2503870620085,2.90137659378562,6.40020630347311,6.82139796173959,4.84313661202755,15.6655884551337,10.1963855831228,25.463655900394,1.24860221308656,11.3105071270782
2020,"Cv3","Fertilized",23.8408641191174,24.7926281074183,25.5643994445761,23.0072028850453,14.004476594654,13.897111670964,8.12124406730846,12.4704578635243,27.9179975046633,20.943324032369,17.2711495771534,9.09801944580532,12.2861618142608,11.3311023921571,16.0435842464761,11.9587843399158,29.5944529352208,1.08421967658826,10.3949532379289
2021,"Cv3","Fertilized",26.2208365886135,26.3559987343074,28.1458650266222,26.239095181121,18.0380242488134,15.0807501282745,13.9050497141029,9.55879598914484,22.1451988614374,24.8463334550841,11.9872157646351,9.44429942957376,15.4993961429943,13.0421071281282,14.4548500254764,14.2984915081269,24.6578186276964,1.65998862392787,7.14975989162934
2018,"Cv1","CK",16.0713024171057,12.4812068184342,13.0922252088572,10.9453161882268,7.91520274652535,7.51153854593388,4.83677891737421,4.5161077752765,20.8623065016436,17.0152044656882,10.0398875809762,8.93982002284207,5.92704164832995,10.1011765020683,11.4510654921485,9.43045653610192,28.1566892845665,1.06777224371662,9.6026210341241
2019,"Cv1","CK",15.7337403627832,13.8314803007731,12.7904598511525,12.3834036561727,9.40995120181256,6.31022601625653,1.75414844258673,6.91152930267371,15.9855223344252,0.326949566312694,7.11192100617691,1.93689635046341,3.25385088327394,2.7931703425461,3.86807592256125,-0.5045769806055,20.9939197887234,0.650398463919745,12.5992043654001
2020,"Cv1","CK",22.568447104721,21.040377419847,19.9903819064332,17.5046204607333,8.20509081660075,10.2895910146215,9.37973012520863,2.04137027450243,24.7672310376162,19.5967481444347,17.1423818850284,9.11254035859714,8.95270181501569,11.0594807013711,16.2239819698999,10.3977181384976,23.3010962182182,1.27664231533415,9.30996230754135
2021,"Cv1","CK",22.9853652828688,23.0406511370041,19.7665497022775,19.6096117874261,11.4583548411098,13.5824179083466,12.4790483114474,6.91303181853029,22.0202948305866,13.9682961773168,14.613583927471,7.02826216930053,10.6587904532192,8.79975745698084,14.7769489096926,10.0806300306035,23.9614349609131,1.11874431949285,11.2916734081428
2018,"Cv2","CK",15.0451070787803,13.8866000777747,14.072178093607,11.3975534757067,9.40216589826353,7.45819455966096,6.93227613184129,6.28364004229012,13.0502860583017,15.7717163269082,3.51392389555308,10.7400369082403,5.33717203695098,7.15845161917958,14.297746571713,9.1374959534944,24.9269623875346,0.900532896779712,10.2481642393549
2019,"Cv2","CK",21.6147568264079,18.7267838843177,17.41068261328,19.153478300483,10.8498896186801,6.87306621917787,7.54027415872879,6.09169485705287,14.8254942818562,16.101653549878,3.23969619247943,8.0185225438976,8.60359020046608,6.83971036754714,6.06241991218313,12.4822520385535,29.9919696841199,1.19329781082909,10.7050625594045
2020,"Cv2","CK",21.7458014586856,23.2724550208267,21.2873406327851,20.9782276570023,12.9167724177769,10.7657501509964,6.54620686786287,8.21153645875634,17.6424952644798,24.0007698272948,12.0771352750295,10.3163544971164,8.80128978038975,11.1327160781643,15.4432890460313,12.6085822079985,24.9889125894313,1.14804474890841,10.8843744969961
2021,"Cv2","CK",22.0884760812112,22.4555630189052,19.3375243299177,17.2860189115378,11.8493077269511,7.27040433692306,9.44020532457567,6.851384958314,19.7646145155232,11.4097974543,11.5641426758136,5.52306848281048,7.9062927262,5.62819797047296,10.8690831626096,8.97010341795944,24.8857680757954,0.891945988032898,10.6086859034566
2018,"Cv3","CK",19.1116322748943,18.4677776836308,17.0181339386614,16.3797028374132,13.287769773421,6.33279313380867,3.5955419707934,4.38092149201636,18.1999944010923,16.4628185884261,7.56705424527702,5.70443025606907,10.4649917967662,9.42073803892874,13.0747013926817,13.7172440659347,20.8463353949108,1.06504755224616,10.8814901588574
2019,"Cv3","CK",20.8633939593342,21.6905568748229,19.4169651722978,17.8882853734559,16.0235013018492,10.4114452270049,2.80733899547645,4.17187464084718,18.8096102971741,18.0783645114918,10.5941610453003,9.3448465066645,9.53256349870765,8.54317829320816,9.85220166703833,18.3115616217755,24.0892430976726,0.993052453937272,7.77646654786778
2020,"Cv3","CK",22.5360351790069,19.5278737481544,17.9323279676627,17.4890499073022,11.0541168689816,4.36953920495245,7.04287288158381,6.39601825792649,18.9689114185621,19.4946388261029,3.41476239754694,7.05354206060641,5.7081902828565,8.94469037710977,13.57249046809,11.2827518245059,19.1724834828223,1.16740019480831,11.0179464550774
2021,"Cv3","CK",24.055899555396,24.0471300020807,21.2207300204353,20.5860290985757,13.5124300574534,6.95793757726559,8.38451149077699,7.19332817100903,22.3824977569615,17.7477499707955,9.19582445968043,13.0556513212277,9.19252438632511,11.4441701192068,10.8164827326101,15.5730310899399,23.7365610736095,1.15125452116599,11.2005430166014
2018,"Cv1","Fertilized",23.4292162598794,21.6448476954093,23.1762319198278,20.6550606608356,18.3768135310369,14.1301194460129,16.3656593639396,10.7643094613186,18.6319327506074,22.1982223849261,10.620987991882,3.63953947932016,11.4564144975207,9.3523951398471,16.0913496448844,13.7075951352996,29.1467247841313,1.18566780490556,11.8343003676802
2019,"Cv1","Fertilized",23.9833035631146,24.0089218458907,22.9849180550787,20.7979472368495,7.79321237531766,10.274604150311,5.5449252983558,12.9088255322246,19.4463470380003,17.2224932166466,9.50443860192829,9.81512901575536,12.9986993940071,7.19650956058659,10.1067173300012,10.7725141412732,25.7681657184309,1.26165860496559,12.879370050128
2020,"Cv1","Fertilized",25.2809476882521,24.189714756262,24.8021323721706,24.2515228992799,14.209055237729,6.53978218947653,10.4335719189154,9.66484202161202,16.7117875264048,17.7573057126189,4.51023083085638,7.4145711874267,6.3353451104951,6.21119662673143,12.2025485600513,4.57807282185417,25.8102503816105,0.720651252944747,10.8026098229565
2021,"Cv1","Fertilized",26.917677045171,26.8671181147182,21.9645686093317,23.423146472459,22.3447190795326,13.0949693390722,11.2009867245993,10.5652745664583,27.6008834356354,20.6147017965204,16.8462401098486,16.2687973227096,11.9459633178156,13.3919617947683,10.8430658824228,11.5620173331376,27.070523423874,1.35825088585079,11.2951716581031
2018,"Cv2","Fertilized",20.9319669949632,21.9352434175523,20.25544667256,20.8823721855664,19.1399504041707,14.9308295104407,11.2539572013717,8.14170293250938,19.2271550519908,12.9352266955142,13.1027555436015,5.76422305569517,8.19201209499031,3.37402068219815,12.5523306127298,7.97848272734843,25.3438971141198,1.21314585627625,8.72548654779494
2019,"Cv2","Fertilized",23.6912924282289,22.7022275637042,20.6890041263161,18.752152915889,14.6845614269878,13.337876672656,8.24342819654848,9.30494069799899,20.7898532787917,15.9328508001486,7.57480712402483,9.41193748127248,7.95839316894288,8.34684487260902,16.418965244666,7.68618967245171,26.218859582552,1.28222761845157,11.2008959737954
2020,"Cv2","Fertilized",23.3620803125954,23.8884182680235,21.0540289989747,21.2929133514459,11.4264213357163,13.2683587290727,6.19184317530211,9.17265172741476,18.1674654133218,22.9838720745387,8.52733281929186,12.6526179448824,7.28174839279276,10.6507471472564,16.460636418015,8.8616514275389,23.0743548465475,1.66052359931789,8.75570354619043
2021,"Cv2","Fertilized",32.0165309778728,29.2338799251508,30.553793656487,29.4809411273525,19.706290845195,18.1681776994149,12.0241653069848,12.5021629565216,27.2672522139315,30.2584015036108,15.8254679253465,15.8722179798157,17.9094491655897,11.6314926130818,23.1454402835897,16.0189196604125,26.9832342823973,1.42896807779367,14.635573561527
2018,"Cv3","Fertilized",24.7373049494142,22.6548982887602,19.5319754091059,18.9839458866836,12.8840597818075,9.01294482107741,13.6320581394539,10.9323237375214,17.4999616995368,21.9563527735907,11.3411553779244,12.5325358928473,12.5979279834136,9.87800453572935,9.51906211650746,14.6925626453795,25.6019987523557,1.04408522140309,10.3811961319151
2019,"Cv3","Fertilized",21.8609098178614,23.1397363849436,22.6173217755557,22.0078640116605,17.4749977375913,13.7589357665279,10.4951457347498,5.84088215647784,15.7333947400807,16.707845485323,6.28045452613575,14.3461639443138,5.24801408587318,9.4507900942194,10.797807381909,6.97183048811655,26.6581774478767,1.1091905931639,11.2772866187785
2020,"Cv3","Fertilized",25.0871033451338,24.6531853046697,24.9228397330392,27.7860143786243,12.6328140399711,10.5653358049983,3.83570467554146,15.4579977908262,14.8158023157012,21.0503986715681,4.7722816391463,13.3077258068261,4.88687616476827,5.3176930721975,12.0323375636957,11.1143856500637,26.2992919111005,0.780982279229388,11.5970521453316
2021,"Cv3","Fertilized",26.7453083399493,22.6669741092987,21.9342593919258,19.1563261760449,17.1659197895958,11.3357796137369,13.0440811427211,8.70986770695746,27.181905750418,18.3809949397434,14.6261790957452,9.77976991650443,11.2760382578595,9.61629725482759,18.5476477281757,13.0598918209691,25.3268750130372,1.49433765327476,9.35793966840577
2018,"Cv1","CK",18.8813111894769,15.8352550113533,13.52237179511,12.6737515836293,13.1883369373922,14.561023463697,7.03045670078925,5.61196666558831,16.8878251634857,7.16951747409079,2.69585792765381,8.95555739400771,7.36110665424636,9.53886054736177,8.40263967800582,9.5965021887379,24.7294159933757,0.67645694953365,11.4083483356619
2019,"Cv1","CK",18.9403888513244,17.6392173279407,18.050966038027,14.3810001060756,9.0917028287071,11.7279118510981,7.11967109969822,4.07167448903849,12.3190101592975,15.2233564489327,3.30927231160367,9.36127147203623,6.48280100146638,5.57634280911209,8.88477425035335,8.37802050689705,25.5109608478758,1.08019459572647,9.08622941027586
2020,"Cv1","CK",21.3995100437214,21.6981791502232,20.9540612729844,20.8388151574226,15.3942800707514,13.1531127162632,8.32803364586347,7.84389328822143,23.9744392756332,13.9125464340435,14.307981018989,8.90727401432674,12.2333702603263,7.53955750756156,18.7979243908036,10.861606737449,21.5150947837918,1.07276798635796,11.9535029229035
2021,"Cv1","CK",22.6215255364984,21.4687006529255,18.8734537933525,19.5183665009346,11.3291254091501,7.40936659100829,7.10001235796078,8.92840101366516,22.6271747396104,12.4134142746373,6.20219215326231,9.94179758317414,8.77777829078829,7.04471013006155,16.0476995623212,8.75960847731753,24.2952446683155,0.586422538647976,10.1369655961116
2018,"Cv2","CK",17.2356400382216,17.1719212462526,14.0898476748495,15.2583410365012,12.2321035118949,6.22725286314215,6.40561751280554,-0.087806357594781,18.4688613743443,16.0231441281851,5.63209930682422,8.49489194215244,6.41419160635898,7.75436257647253,6.92515389917789,13.0232976503123,21.8222828667176,1.12116239085135,9.71705053718135
2019,"Cv2","CK",21.844331552297,22.2828396189787,24.4129157707184,20.5251978929628,16.3965838306889,17.9937692502742,8.25356550917633,6.40551331067083,18.8445177426324,15.4205593771056,8.69990368047308,9.8867517629257,11.7772317841116,8.93810905244081,11.0101425311999,13.6975223640668,22.6320598548891,0.894027746254016,11.5827420706281
2020,"Cv2","CK",20.4413310444134,21.9479132877078,19.9301585695801,19.5493128153712,9.29946985949842,7.69405435193397,8.80309718281208,9.5776999630659,17.0070263622883,16.5785846845022,7.59729267773252,7.46585168785432,7.94977135796167,6.98906822786682,8.7999113880725,10.1340107644415,24.3970918428659,1.26559988271414,11.2936568209573
2021,"Cv2","CK",25.7115602560549,24.7955853559673,21.0122278750902,22.4022828021657,18.7509212765717,13.0412308038389,5.61082307557387,8.07746776181096,22.5649976424059,15.1849344810727,6.0203645481411,7.96697543672478,9.23853901485845,9.84092222920473,22.4962345011371,21.1403278898679,25.9790778199857,0.631435854265292,11.3856615650097
2018,"Cv3","CK",14.2238753443438,13.1459024850724,12.9457915292029,11.3247677346395,7.06572659296903,9.25066442144744,5.77875723750544,2.128324457403,14.2046558630055,10.7004775002966,8.63046445717549,5.46916663213068,5.87517569071897,7.63018883537643,7.40900200125225,7.46256037247023,23.3547776235346,0.888607101698189,9.48983277445264
2019,"Cv3","CK",20.2763544835402,16.6464984448268,16.1118438289182,14.7936180307952,13.048872855435,11.3795231394402,9.7652497935666,4.01036361891312,20.722406254008,15.1796540452817,7.2968341157527,5.67062791004397,9.36466129277516,9.64787809926264,16.2869780655051,19.5420899401823,22.6838900737122,0.893784354300117,11.691620234633
2020,"Cv3","CK",21.1405815034212,20.2895728945529,17.258821390969,16.2040155576619,13.289861318919,13.4121224800342,8.431146897349,7.18885332030689,25.2141982311331,17.6356890335932,12.1329223033569,14.9218041735862,6.45407349672498,12.2121232187724,15.6651997496689,12.453327613222,26.3625721989908,1.39482967821329,11.08372914306
2021,"Cv3","CK",23.1105021846837,21.2527270978404,17.3382924774674,16.885820604617,12.5847121517956,10.1369765792645,10.0365660203403,1.84983108730428,18.3916153322976,11.9182628452802,8.60609104514593,4.28243862447357,9.26773143278086,5.97570487401733,11.2586156169375,4.38084226677296,25.7708788152001,0.869391796710641,12.1336067686595
2018,"Cv1","Fertilized",23.080659918324,20.6196455441179,19.4451917683799,19.4429315819989,14.6527045609877,7.84686268069894,4.50547042194413,10.3908603545462,16.2181320590444,21.292994680253,10.1989522520158,9.57915910811044,10.5665023511872,9.13229889869634,14.3608620748068,6.97903828127691,24.0094904236143,1.38077435554901,9.97928834831744
2019,"Cv1","Fertilized",23.1024800780495,21.8326207314782,22.5417151690423,23.5184464946095,10.1701952705582,9.99453866677316,9.18106442103471,2.90057457453596,20.941694863372,23.5798023248729,10.2729030525452,15.7631533335088,12.2569593056079,12.4589514800639,15.0226881498035,10.7420393272101,27.0419380213325,1.20992416742011,10.8887943762804
2020,"Cv1","Fertilized",25.2264582483931,25.7488730075086,25.7030590602818,24.5598276746143,14.727464332481,10.1681424781359,12.1329745322789,8.31391250289905,34.8967121165384,22.0815773222045,17.0453121016244,10.9789219734153,14.0630778590493,14.3544881261553,23.0819690314554,21.5287107789506,25.0977452748171,1.4571936599536,15.2061346001446
2021,"Cv1","Fertilized",25.6414682809816,21.6523455479487,19.9129394117058,19.2073564799145,17.8622534635845,12.7073790033193,4.76116116148245,5.32139515504532,20.565033525942,17.6039134026478,15.2467392949777,12.3063359828916,9.8889095920739,9.96762679983023,15.1866587516225,16.5606539849555,29.2195103760442,1.449088267472,9.33027791868501
2018,"Cv2","Fertilized",20.1777984998531,18.5368795690449,16.2855972216684,19.0175940375006,5.5843051522239,12.6295048698008,11.2116818998427,3.86123698635497,22.4145597348452,14.688618799045,12.3229645134835,5.52223803677804,6.79226633697355,9.37751599291271,8.31712169652903,12.3237793390511,26.2905293622062,0.949406761570472,11.2614465985384
2019,"Cv2","Fertilized",24.7141842670766,23.8891401924507,23.2957403275765,22.942388719749,10.3647319981712,18.3262107537059,6.2138720980748,5.94323346756072,21.1053641871034,20.0228159647447,12.423303481382,9.97288300445602,11.0557331576209,10.6478787393011,12.7821535265126,13.2639399232587,28.5103118682848,1.58579097009028,11.65300164537
2020,"Cv2","Fertilized",26.7892925729908,24.4494812179083,23.6855112387326,22.9686409027273,12.5877628710035,13.3230837577493,9.96776062101056,9.93768842190774,21.7282280936197,20.9124853333821,12.2888099273019,9.70343203141178,9.06685478065275,10.6108325000068,13.3949774675307,11.1813481501864,27.3316297512235,1.42343220905982,10.3318535680496
2021,"Cv2","Fertilized",27.7846275006568,27.2854819144056,27.2300495344447,24.2166848465195,11.9035074179578,11.0183968256218,11.3475168048431,9.32735184496018,22.0646671445106,22.364593531325,12.747237452191,8.27495584444251,13.7261046993354,8.90853317253708,14.0169319382005,11.298751413647,26.6364763375587,1.56211985341833,9.97529504477633
2018,"Cv3","Fertilized",24.1659158885637,23.7830607694873,22.189363844054,21.1936479154873,15.7582986510273,14.9649549737233,9.24075644352214,7.57490126883634,20.8277747650216,21.3230019141621,14.4210967836248,9.75156509698002,8.66128567635731,10.8856928319409,17.9238651359168,10.4915236972762,27.7966754881554,0.772070528816976,9.02513287615331
2019,"Cv3","Fertilized",28.2072963555224,27.1577421166084,27.506773196413,26.1747839666627,13.9455927640454,16.2931477393901,10.3714355276348,3.50762225991952,31.7437937556891,20.4529257397375,15.7005843949448,8.26066145087319,9.49555250878329,12.1384464291581,23.2944763273199,13.0473658639251,25.0575594451211,1.28774865112182,9.4297501172777
2020,"Cv3","Fertilized",24.9108106836189,20.2119633929788,17.9657461019744,16.9491773572604,8.45284515418439,9.39123560878093,8.53610880222839,2.8067088084168,22.6873470393827,20.2377069701909,12.0722053589587,12.6911954599366,11.1990638737789,13.6028212259965,12.3808480589492,11.2577488533271,23.6342210192781,0.950294923032289,10.5607438327662
2021,"Cv3","Fertilized",23.0602812959141,25.9174685147141,24.4216514645342,22.5585250026274,11.9234624823071,8.28516954574011,6.67516711012128,8.62948866366286,23.2750071029439,20.2840801546528,17.5464059499147,9.26908932825552,7.77820589652201,9.83059147517341,17.0195332846811,11.1996568734031,25.023725036262,1.36806874028556,13.0661465840048
2018,"Cv1","CK",19.3328580017287,18.0249091155264,18.1361309011153,16.1059074224512,10.4278090466128,11.296384243945,3.38635979577645,3.80825750994132,20.4929255940444,7.41939558339427,8.65634785673379,3.46135417836424,5.77606355667358,7.2823830865034,6.91368513454656,9.95930870191933,23.7734978078999,1.15563320902106,10.7250250439329
2019,"Cv1","CK",17.6887254591033,17.6655153814848,18.1504727944255,16.0693123466953,13.1835916967963,12.2201908776673,5.29648320343045,4.03741814774509,24.2021769492133,13.8305223102424,15.9741154132153,4.43172707670677,11.6348221270975,5.56165216667155,12.1587863426952,13.7222657929188,22.9421180688932,1.01147335913963,13.338186851609
2020,"Cv1","CK",19.5168557827972,18.927505519352,15.019748467172,13.6979916940723,8.39885706168184,8.57842926755821,5.83592707532545,8.62781881662203,20.5497755201466,16.1485348156611,8.45365317185632,8.71986442466334,13.1393031164548,7.85682006254953,13.9598672836413,15.8190353640475,22.9042179961617,1.05750669423453,10.2692099919566
2021,"Cv1","CK",24.7297617865892,25.2667716388167,24.4275572493409,25.4797562213839,18.3217248391696,14.2421142744824,13.5412663608075,10.7186675341056,16.655742166568,24.965701124493,13.4582901092447,7.64704149153562,9.46450669483932,8.74845552499978,13.5852388366316,5.14056892643065,26.1019917268377,0.936200472507047,11.7013829099715
2018,"Cv2","CK",16.7518349387022,16.9783241082633,16.8914926258653,17.4651225657043,11.2461891101071,7.66149062988014,11.5189594699397,3.8545151613654,10.9879039368796,13.8061347205915,3.49520982915785,-1.94654799255394,8.00090072054335,8.66191675050196,6.49565138156101,8.9235706429391,21.7873080139919,1.12419826805298,10.77908759712
2019,"Cv2","CK",16.665691559759,15.3510018029162,12.1747653326803,10.6348026557657,11.086471408762,9.72244663687066,5.82835052070636,2.84783301729964,8.37836399804725,3.8852773416018,1.74606516887786,7.5829577005984,0.535836944350606,2.76373843304187,0.744583176489056,2.72368696702691,23.9563571102715,0.959151947299721,10.6629149042186
2020,"Cv2","CK",21.2554799752302,20.822731633543,20.5436700333558,17.0147953515477,10.1957109741946,10.0594936726269,9.36224288142177,5.95120769596647,7.64919522979461,16.6217000504984,6.93380548824588,10.5826351175173,9.08010120760579,6.35763636938627,7.1108884970069,6.48209677643701,21.5507893145995,0.659740522241286,10.8581096350068
2021,"Cv2","CK",22.4008363223177,19.9827230756318,17.7404616700367,15.4735865272327,19.3015054330847,8.95733394605574,6.36525001709633,4.14854906718778,24.8400657519192,10.7408784915165,15.3148274737983,7.2746251479396,9.59002106096879,9.49582988495699,13.3157839855301,5.74917094321598,23.4868398970368,0.696615488910069,12.004855688004
2018,"Cv3","CK",17.332909324604,17.618293840953,18.1486733591996,16.4620325593389,9.90693309847093,9.14400841506812,7.40362859583895,3.69265219225185,13.6817997982838,10.2962881618127,8.49603241152212,-1.56138071650262,4.60403708500868,4.9322990314948,10.2483078052523,7.09479222361128,21.104886683331,1.11761235155346,10.7136614098105
2019,"Cv3","CK",19.8776877865207,18.1861302781942,17.9938533263482,17.1493103326906,6.45191991937744,8.24284919415021,2.98390374723389,6.70431188707507,19.1314902170274,10.4079406272463,10.3853106965346,7.23535766470471,8.61612303338874,7.98628799443652,8.14752780489726,6.53380793681004,22.5605071088291,1.25534331649637,12.0561441520336
2020,"Cv3","CK",20.1515529521471,22.7767129828294,22.9302914253228,20.9363805117716,11.4793623571108,9.61530499805186,10.0419177568164,10.5981363632679,23.3879010756445,15.055178376712,12.419529947848,9.08703200009014,8.40890812462146,12.6240179441288,15.6319818316441,12.6002021204507,21.5464789428347,1.19338295055155,11.8948825313441
2021,"Cv3","CK",23.9673721442334,20.4907988007012,19.6718777946317,21.6818988308795,8.57709107434391,9.29758860662339,6.26209037097145,9.3533155430537,18.8279894827818,20.7773712015738,15.5782768595304,10.1557204765871,9.90451714564658,11.1353255910025,10.2728884409701,8.54318065272809,25.0692734476033,1.25132229677619,10.7556338611299
2018,"Cv1","Fertilized",21.8804078291667,20.1844269647177,20.4798996159543,19.0714983143268,12.19671435014,10.0677570253822,9.19599616568338,7.02815828758344,18.8133002787114,12.8805205038461,5.10904665370142,8.9153765398843,8.42363826782626,9.35225531204547,9.75114019639874,19.8461221693666,28.0117892089152,0.905728085922668,10.9137256935943
2019,"Cv1","Fertilized",24.7706909120995,25.0087607062383,26.0795324987101,23.2586157933509,13.5957335376908,13.1268657752746,9.39386898202055,10.4669070516468,23.7422604978151,18.4649118276732,8.91212129774775,12.5941630059552,13.1539076070056,8.88274742986827,16.3875092570337,10.3158550966225,27.1061219925034,1.30606753171243,9.21384429895931
2020,"Cv1","Fertilized",28.0865510420306,27.8517498623486,29.8011218855321,28.5892292496083,18.8974196964286,18.5231457960518,9.93560154970349,13.8174468009978,26.1344525891617,23.4079681401166,9.22980592586255,11.3374932724975,11.3887472169777,12.7437002608732,15.3986250551441,14.0161162847873,30.5175080701484,1.25296333565739,10.2175138427721
2021,"Cv1","Fertilized",28.5489820288634,26.6647604710909,25.6221678889673,23.1141015165772,20.1578777745305,9.25838674268499,9.59153302518077,8.82409873188577,22.2199785160701,24.6848083627647,13.9922557291641,18.1784154143589,10.8522746507269,12.3128895931394,13.9546455883615,10.3851374897158,23.6498778378061,1.73306534142844,10.6143250596401
2018,"Cv2","Fertilized",21.6695177817418,19.1743466684305,14.8007700329319,14.0350035938449,10.8233957743416,8.98831618255642,4.81959328127163,6.98141703437557,21.9267942209317,11.7979419673447,10.2264713044642,8.86405908217178,9.18561373774067,7.12098078688597,12.1681022988144,9.14190186679153,24.2935510187297,0.95721538191847,12.2861136345483
2019,"Cv2","Fertilized",26.4047422211703,25.6214557782363,24.6687447851273,24.0191952062621,18.2611719378272,14.7052972724606,13.151232537578,6.17095936124695,25.7901528234363,17.0017269684873,12.5050510440278,12.174019628101,12.932140196195,10.9328110446528,15.522882916696,19.2403277538019,27.7771106371075,0.599780563966983,12.5403325070186
2020,"Cv2","Fertilized",27.8798807276562,26.8584196079058,26.1667614205808,25.7001428380233,21.0008977656,18.7152725142815,11.0943288155437,9.53110507070272,23.7338032472545,19.2739411600043,17.2168220786447,8.69161773550422,14.766123192524,14.6989922826135,18.0791495231157,11.7416470733836,28.1351185720088,1.37047052941309,10.0467943691925
2021,"Cv2","Fertilized",28.7754129662119,25.0899911103158,23.8569730895992,20.4241857009129,14.9128157651992,13.8230386430044,10.8402635142993,6.90877945388304,20.2712636549755,15.1385144871758,8.39855246913414,7.17588867660341,12.2734549052687,6.90337807161499,11.9499017473758,12.4535450161025,27.1460465213391,0.876789157409523,10.2566173529151
2018,"Cv3","Fertilized",22.7988444230271,21.8506710237279,21.7031039548935,21.0341708913495,11.7220935543183,10.8840752624377,4.95868082455507,9.00066186721991,22.8626596831389,21.1311568030947,17.4997136452993,7.79782213418563,13.005539973127,12.104349423974,10.3820466651847,10.3788056204623,29.9224495903784,1.44585741825654,13.4361756004135
2019,"Cv3","Fertilized",22.8513148321893,22.136660305728,22.6526772524994,22.1183523733119,15.6631239887746,10.1456594240749,13.5515360298838,9.91929949085371,26.1333310673381,9.08469909754091,8.83834309273816,5.76445680521152,5.8507851855007,6.65686528171523,11.2112278597568,15.1804998135117,29.2857957029688,0.692315928208725,8.89720074534886
2020,"Cv3","Fertilized",28.6141779127919,27.8762675082647,26.099293863013,22.9676311917562,17.717650657507,15.1810582464572,10.9178288686875,8.81619853971048,31.1272480141647,19.8348509681418,19.5171308462278,10.7094597872124,15.1997941056283,13.4445182841375,16.5099430910657,16.6936844891903,24.487548252964,1.30821128876311,11.5953357839941
2021,"Cv3","Fertilized",26.4780998729015,23.8955743089975,22.4544313182633,22.887479777859,17.5331848050738,14.9149609150879,6.41292831709557,6.85634924277418,26.8043230400119,13.0636707606757,14.3715245277304,6.80568604216283,12.1608718084847,7.88334889868998,11.8438476762955,9.81049905710972,25.7790718511786,1.2290068391233,11.30299129489
2018,"Cv1","CK",21.6960469388374,21.4102468562913,21.0070101694918,21.1832664881333,17.2316810469451,10.1535484965075,9.3299440041372,5.68416394489918,17.5367419538353,9.22041101091406,7.6025694169428,2.56814321885977,5.70951053428976,7.86999054455922,10.7465311914384,8.71846272401087,20.4599232874571,0.87741670448357,10.0463256061807
2019,"Cv1","CK",22.1723482366385,23.2402034420773,21.4148678298436,23.8642968715753,14.4646583007123,12.1113859415783,11.1772492214721,10.3812805804363,18.0432967761002,18.3417284195322,8.50313767788887,8.47495572437312,7.95147429466798,6.55937650131058,20.225132524479,9.75491648474839,21.7670510865057,0.737392383203942,9.24516843214759
2020,"Cv1","CK",20.421472297531,20.1058269023007,19.242727977533,18.4777824585966,15.4079871890447,10.7037224835835,3.54605977610854,11.4616235402649,15.9654569623882,22.0649843821781,11.9996524845309,16.9878275393828,6.46433327526813,9.54856566555582,15.388180513869,12.9352578028934,24.1646873633853,0.880069955336716,10.5671905830911
2021,"Cv1","CK",20.6257772465822,17.9223945410207,13.9798331426927,13.0499334339697,14.2441827349609,11.1490301731393,10.6622541671688,2.85856658879881,16.3757315048617,20.0879647723503,13.2992833695615,7.25650431485945,8.90521845636933,11.7985565868517,12.1121633545309,8.51091909112959,24.4060967625377,0.984485186607796,14.8937222363144
2018,"Cv2","CK",15.9005678254056,14.2470996208678,11.5672500387713,10.712128789895,10.8412018646699,10.4576910315079,4.15280789997345,3.13045549906641,16.816559886971,8.61060494686387,3.37287648033148,3.08703177555335,6.9483489868207,5.91184303355984,10.8208069910866,9.01779702920058,21.2730102968587,1.23475500627077,10.6469240941458
2019,"Cv2","CK",19.6208944025811,19.1400498319115,16.1484166185054,15.2530659648558,12.9307899561019,10.4075073667747,9.82287898934808,7.09326806669815,18.5882230623317,11.925890388775,19.557395356237,1.75264753295013,4.45454407516537,7.41573317436941,15.3413610638659,13.9037691183441,23.8988377634878,0.943617846870741,10.8494996774359
2020,"Cv2","CK",20.3994892588072,18.4289208118298,16.1484852667389,12.3757761037324,16.1136634686585,8.98594839127335,6.67617806396231,3.28644909130448,10.5399842983118,12.1341443265593,13.0038201122892,2.34488496055186,2.42614888885532,8.47691277979728,6.92843548578188,10.5905234713665,21.3668375819789,1.12746462389847,10.9331878708618
2021,"Cv2","CK",21.9835338484003,17.7470643458774,15.7071075539814,12.200416966018,10.1833406879082,13.0575215695644,5.28557448789238,5.24488373086857,11.4955360437979,16.6301010454581,4.17180251793208,7.4547549184235,7.12365117706574,11.104002378637,11.5806861427343,9.35266866513185,23.8261561853977,1.05469312846096,9.10639045677897
2018,"Cv3","CK",15.4181438182742,15.7445200483165,15.3179777621361,14.2016693119493,5.93533810349203,8.36586237697501,0.622430964973833,5.53787937384462,13.8502683075178,2.26351972949703,6.73198843813811,-0.0421020406127144,2.5540165614193,8.99465723466706,7.90486059123434,5.8351663155471,22.4579194009798,0.610478467404588,11.697092809828
2019,"Cv3","CK",19.0170715346502,16.7728551172135,17.2460246209974,15.3744235501477,13.1860809309818,13.1199834949872,3.59789319263739,3.82101464835902,17.266276086822,14.5037198922167,6.64249597680099,5.40115525341064,7.48219415975099,7.15524834589883,10.8897219250087,10.7955078205276,22.7939317470697,1.26307779354388,11.9474454853405
2020,"Cv3","CK",19.3230640768178,17.4627236706654,15.371648377034,14.4537531646202,11.2347694536913,8.54559386247403,6.02463845106133,8.27582501926301,7.78879221976434,11.9298023537758,3.61539284411161,3.64336824828926,6.73803150890572,2.81937546206698,6.86409561395027,8.61071763898999,20.7723207727987,0.654474374645339,10.0793085467605
2021,"Cv3","CK",19.3427351740195,20.5985860875263,18.1033276139593,13.9365150540685,11.8276567394666,12.1410619363442,9.72488868093515,8.11352953329631,14.3938429360705,13.0040631879032,9.41649978277275,5.9121508242947,6.06714311583509,8.15178521582843,11.6144291398365,9.37715327777698,22.1825760908919,1.26089484369432,10.9510368242267
2018,"Cv1","Fertilized",21.5609279122287,19.3997105178206,16.8371772293363,13.5891298475462,15.1603888788514,5.06158947617458,1.08983492927082,8.50807045899008,19.0828362489109,6.98278163127912,9.85150656924716,6.89345244500087,7.375535830583,7.38759535856119,9.64925305995856,9.63795571598192,26.3527141563273,1.0874775959122,10.0140436073511
2019,"Cv1","Fertilized",25.9451202023896,26.2137175126736,24.591834423128,21.9396092647199,17.826957264981,12.7696828723246,13.9630571062239,12.5798334644351,29.2514713049133,19.8232917210979,15.2017566470697,8.83824230396893,13.9716417848599,14.8391072252361,16.6290490499249,16.6358634903717,26.0544151291216,1.39572316874064,12.3653659543485
2020,"Cv1","Fertilized",24.7421790905151,21.851154772287,20.4926111700581,20.9716985016485,14.0572959442237,10.8601937662608,12.3940158609322,6.86959403689168,13.6382814045289,10.6129880075603,11.2555635103536,1.45688241291086,3.96476660082845,6.3632440883897,6.85723902383649,7.95876235476052,24.6901181466251,1.00322530589967,8.09345666185119
2021,"Cv1","Fertilized",28.8945476916458,27.3627340870349,27.0881603877923,24.4404253771571,16.3990970079962,11.4063307912678,7.40531538738409,8.38272446133793,20.6769530896312,21.77404103701,3.72687110907302,7.67986510500296,13.0432481781817,10.9343872505582,15.6758797750661,14.8966465102344,24.6749187236185,1.31340676579566,10.8973168867097
2018,"Cv2","Fertilized",19.0856155362259,17.9752815075212,16.4932942442686,14.2940233139038,11.6721651487591,5.87996210049369,8.01421938428677,6.50126332703674,12.6337597879895,10.5042210433128,4.84255075178927,-0.760932425557021,7.72500285961882,8.81201247669187,8.03970423506887,7.11491231956455,24.0685641640529,0.82426380893802,11.5505650640889
2019,"Cv2","Fertilized",23.996003053219,21.2430259165825,17.1252920132924,16.2451027413035,17.5866551998156,13.4659908659467,3.74919916525434,8.38828402617628,21.7473916351652,16.3561528493422,11.3069476313713,3.04652745801689,12.3413786464069,9.84986766107679,12.4905876772885,14.4649225041329,26.1992979281309,1.09930557429148,13.5894817165052
2020,"Cv2","Fertilized",26.9316874236189,24.9795650262555,23.8424136129303,22.3582940701926,17.4370739142083,15.2322587149109,9.16136550910726,7.92443915940234,25.1714510874413,21.6002380558745,10.2364236317676,8.55785847964834,11.019080731607,13.0573925397176,17.0784172607169,12.7467526247965,25.4011863123963,1.17314292001381,9.87357118951756
2021,"Cv2","Fertilized",28.2809257715292,27.2376634421367,28.0184436581141,27.238069426116,21.2675779953871,9.72263573652899,13.9933656797857,9.62519334524496,23.9614238032962,19.9313317281131,15.1636106225092,7.03641948035341,8.24605430740877,11.9422239728495,13.2447682737825,13.7491394861344,25.9793697096099,1.46843591936376,9.39677945373337
2018,"Cv3","Fertilized",22.5327333411021,22.538777294203,23.3261791969685,25.783772170037,13.4967293934014,12.5425250319045,11.9354906218837,8.45869428535086,13.8313540458121,14.0989083910515,5.57916009653999,3.6023758637224,7.9915137915157,6.893621768433,7.3549553105931,8.47647106662764,23.2348134187355,1.12010525685557,10.4597253824305
2019,"Cv3","Fertilized",22.8257149676573,19.3498951525197,17.1664503253528,14.4795448184655,17.0724317962567,6.33731161639457,4.31905631924069,10.2384235995664,17.3257698404068,12.5962582404611,7.3753444588851,12.2658600816528,8.95404710378276,6.41088469375641,14.8298838062904,5.75414476182919,27.1364046450498,0.992976582731865,10.8278396798765
2020,"Cv3","Fertilized",24.1934643236648,22.6688329648479,19.3471681493915,17.8889636895268,17.1650855272506,8.18119680387926,6.5789578963299,-0.368913580313706,19.2272476729114,14.801159395929,13.1806592380452,12.65397294606,13.8091434287721,7.83200608016527,9.48717869990132,13.8050000898662,30.5149830407882,0.898615705984837,12.0255723155642
2021,"Cv3","Fertilized",25.630361465986,25.7649711238042,28.4520618616021,26.6769226869865,17.2144672622918,14.4587229067012,8.45233403164934,10.168034973443,22.2839221132829,15.176291730381,13.644843275826,15.2813737670294,13.159420832161,5.46799952466998,14.4138205460096,7.75076451289712,25.5388380804159,1.22193033177373,10.7816318021669
2018,"Cv1","CK",17.5566741470045,15.7484604070381,14.504827493319,15.7734206335676,11.7781066085381,5.81615820323988,6.82056197704233,6.42400688458766,21.9309047088375,9.22756888726186,10.5145299208265,6.94327214825494,7.49501966107629,10.3465284320227,8.63547281379877,13.2629297423169,24.2476741341926,0.777500994638535,9.96863410781511
2019,"Cv1","CK",17.2121777558985,16.5531156384079,15.4069387632495,13.252711378914,9.48765946211153,11.2569977655706,1.48555001199846,2.12225574258491,12.6520654350585,12.239636596266,5.34276131916987,5.63607266361521,4.22999236938485,3.03270384941504,8.04088821341693,4.26211118224481,25.916518275645,0.743290901403758,13.364816614034
2020,"Cv1","CK",19.9117581283306,19.6501009834272,19.2809622664745,18.1578319108109,11.6199423494907,9.94062128893965,-0.1755914180643,8.41941044878627,18.1733085070716,14.7629198041536,4.74215838298384,4.25167781872496,9.64655443984001,7.05265611118685,12.8692861904752,6.93461809661815,22.7943642611069,1.48121423449207,10.3577732924351
2021,"Cv1","CK",22.1664346627993,21.5681871857968,18.1471280008681,18.3278284223522,13.988047284805,12.3925405202556,11.6682880459658,1.42986831751056,17.0085483346112,17.8885048712009,6.41242041365074,5.64195364919181,12.6667504597103,7.98360120999351,9.14136044266883,13.0517814349678,23.1110404135698,0.875326640650358,12.1699382299545
2018,"Cv2","CK",21.0091049632686,20.9889914824757,18.8966628156888,16.3087770117662,12.752129649999,8.92361564757937,14.3790838652597,9.38841738804223,13.9432603746075,21.5402303451173,14.7671008836934,9.27949333014633,6.12475625038914,11.2819293933069,13.8244892667592,10.3998124344137,24.8572262063953,0.954885773671815,12.1198433428593
2019,"Cv2","CK",17.8032271808772,16.6191641894111,13.3085005814761,14.7912643050891,13.511609713685,4.85591808987477,3.95829961187394,0.926423967423847,18.3298834559706,13.9678827565973,9.05269668708317,10.825504158088,6.73153837093767,8.19014296163833,12.1790638950941,4.15375734585959,21.3800210446544,0.913810647420984,10.0739518537488
2020,"Cv2","CK",21.3636461603016,19.7431313899135,17.7034894688976,17.7171330921089,12.4902363266217,12.615822417965,9.3647032488437,0.478648596552498,14.7006638715829,21.2897246266958,10.0908076071214,12.6442740003653,12.1635340626189,10.8860477033232,11.3173640647081,15.3073776958849,23.4613535258862,1.07528533452291,13.5187440716756
2021,"Cv2","CK",22.8345407463232,17.8698173182797,17.0480914677866,14.436781553491,13.4895936830304,9.64912313382801,6.79672823598546,3.48402114402033,30.498978744571,11.5398048256439,14.6959098774913,8.43840300463891,15.132028552834,9.92123219356858,16.3979325727291,5.14605277865294,23.4659248834686,0.96200109308836,9.24058024187265
2018,"Cv3","CK",15.397667684544,14.2582561568248,11.2111919698444,10.893058683431,7.78564334802939,6.41192480004826,8.90741818708574,4.84346465510936,14.0002703618546,16.199865728065,8.82960806941163,7.53856858082269,7.82916708306234,10.8927709193601,10.685202368951,6.98246276301492,21.0190252304559,1.0047465912518,9.33712589316763
2019,"Cv3","CK",18.9645108120209,18.6099378565609,18.4949118756118,17.1749511607622,10.9636975015825,9.51267490791764,9.06039654795287,4.9152789700124,17.2381594440415,17.2385807203293,8.46089929505682,3.95838133138693,5.37870340880143,9.59318067780647,9.54788789240819,5.78200401948227,24.2437466800555,0.863331834304796,12.4015372137721
2020,"Cv3","CK",23.7819747325786,23.5850729938808,23.0190890371069,22.4889321950984,14.0628879126356,15.7702615247382,9.8186275101912,7.31771189220649,21.0982160675378,13.9880260628138,14.6408739008133,7.97322104674562,8.04192897797759,9.86614896732404,8.444502485236,8.82197013276358,23.6916020681595,1.33965408102616,8.35069686908172
2021,"Cv3","CK",23.5816271533542,21.7487096263843,19.3923870879534,18.2574242924299,7.20776897031427,8.77985490933195,2.35954547988373,8.30258464214529,28.231463092785,18.5363872433622,12.6048312949894,8.62435770548759,14.511554057458,13.4470245519749,17.1718967164689,14.2963984882374,29.0962716541199,1.32286050142695,12.2435225887968
2018,"Cv1","Fertilized",22.4038467967901,24.0731011614528,23.4125885750244,24.0183626301919,9.34781298643111,9.78832524733687,12.613902472403,6.43064228761142,23.1530214316581,14.1756070495987,6.44933020978393,6.17592860335134,14.0884949891718,6.36769261485629,10.4997271772657,10.1979662179063,20.4851323712336,1.327556863231,11.1270996186004
2019,"Cv1","Fertilized",23.2621333195888,22.6917699490321,22.8138916927728,19.7872411142178,13.7398192618974,9.48703981639397,8.07299583196856,7.65734780840571,19.8178847385267,21.9667630107406,12.6045914186465,17.5359011905472,10.3069649433611,10.4251139125149,14.4115228305387,10.7988318750493,27.5284870776147,0.959498172355146,12.1537510789225
2020,"Cv1","Fertilized",21.7863785726509,20.9758523603392,21.5674952402318,19.783570194438,12.275975818997,5.73295237554001,4.41652784194766,9.40722705656337,14.7808762464801,14.7400258841396,6.67723604375711,9.97908679172544,6.11937778284394,7.80907402974218,5.39012976738272,8.36488307199821,23.7603018152906,1.00091163849588,11.6926068190094
2021,"Cv1","Fertilized",29.9412934740241,30.8496936432269,29.5304212252571,28.156635208624,14.3621680997922,17.8837312341247,11.2067784953629,16.1646230535754,22.9739331175925,23.4714596828411,15.877189300387,11.0505112303586,12.197046504345,10.0778897034348,13.4439136822267,14.7411140724041,26.5060509082653,1.43025412604922,10.116102727805
2018,"Cv2","Fertilized",19.4001008109546,17.3224014789757,16.1819462881091,13.6882482008321,5.66544595844369,9.23830967972059,6.09244403586674,6.91365492405344,13.9045936421141,10.9116841892343,7.32543162049498,-0.2544971639528,6.64347213826526,6.2284104977673,9.65167515619677,4.87760460314352,22.8444532473686,0.943336759392014,9.60227843179966
2019,"Cv2","Fertilized",25.5870220060227,23.9115140701357,22.7814428676628,20.2215103020135,14.2891055438734,12.5772729577216,12.2901977650636,13.2328930973057,27.5530119421563,15.4944838461568,18.1377285025775,6.88731751090712,9.54612973949718,9.31919328538152,18.8055183144806,6.68968005654166,27.7631067007529,1.18440041957552,12.3624097377897
2020,"Cv2","Fertilized",29.7110801541669,32.3072588742415,33.4694515083241,32.4424811474591,19.787135389583,16.0235873740777,9.88559250653766,14.3364725595728,26.5032815796815,32.8868044629969,14.302321668363,19.414568991799,15.7121137139422,15.2870163700288,20.9751896184174,15.0394882199396,30.4647544356161,1.37303401818222,12.8325201670197
2021,"Cv2","Fertilized",24.7908327252522,23.8075265060835,24.4951343445005,23.2968716452154,20.194215530934,10.3732819287694,8.12512285584487,9.30902527761008,19.0862937181739,23.1507608641613,8.49607042010764,12.6938434102234,13.1369289038669,6.98960719914004,11.5964407987774,6.95804300087802,27.4268069439996,1.15950401757773,9.11805572973535
2018,"Cv3","Fertilized",23.7249496235536,25.1753022556661,25.4269046073017,20.602890445176,14.1195993930042,10.1173952865044,14.6351216280701,1.47155160932223,24.8107630991419,22.8914145829698,14.5821773730304,12.2620293955314,12.0477527009074,12.4943635978749,15.5457174195757,16.2166695062318,24.8400178714655,1.24543316820593,9.41594841469244
2019,"Cv3","Fertilized",23.5827320054631,20.4249720380914,18.9939608383303,19.5548210219094,18.629193725161,12.7680552289237,11.6735816416422,4.14795275297182,25.9736268875312,16.3482552265366,11.6090981549012,11.3094085306526,12.3132395126865,9.30792354145972,18.5748357029754,18.3070397980083,29.697318505816,1.04935952528095,9.86596324760504
2020,"Cv3","Fertilized",22.748584697441,21.4628094943766,21.0226716456262,20.397260249604,13.8982172913725,6.45285072842784,11.8987122899576,7.20201622862693,17.4384452507987,20.0275552839584,13.7735003191612,9.50674768033474,9.74121469842598,11.2451799285131,14.5396974582107,7.80341434498331,25.6320788119833,1.32510913640265,10.9389187128259
2021,"Cv3","Fertilized",24.6492837396323,24.2169195950875,23.8218550919186,26.4461661516411,15.136166556558,13.42935662344,14.5133138728111,12.7152778282178,20.3181523605906,21.9413738831,10.5988282307058,9.93328086589973,11.4068526724189,6.61866056461618,17.0707941261344,10.0215515405957,26.7683697798662,1.6080001151661,11.1225957066947
2018,"Cv1","CK",14.118308605655,13.5683664234637,11.0058564820298,11.0336538391064,9.44546110343926,4.40634825945882,5.01443553230159,3.44592081610805,13.9776260555464,16.7562735440093,0.899241748984434,7.61623837099777,7.11729634464607,7.76850151850064,13.6080353467909,6.59356817780522,22.7534148262267,1.3091107112313,14.3695966390909
2019,"Cv1","CK",18.0453139399275,15.5368595506612,11.9444027776801,10.2739638142371,8.21545662817372,8.61536041896701,3.03211005046271,5.74053138945936,15.7197139219376,15.1111553987825,6.44334672065071,9.75911648177336,10.133897372165,7.2658980452551,11.9536361200731,11.6144321652408,22.8636696404659,1.14532726667135,11.7524826976153
2020,"Cv1","CK",17.9693618457401,16.9982507576782,16.9609957991556,20.1570825195927,10.6264624687594,6.27705381226863,8.45001050525251,4.87139895232088,17.6036693294928,12.766393588608,3.9047188843853,5.57515240141102,8.29798578345327,9.473562955782,14.1995258012888,9.20505292735281,23.415318590558,0.990682884850651,10.7597272338955
2021,"Cv1","CK",24.0544525931474,21.4383216134795,18.1443558167088,21.3926948525821,17.1580146522652,9.14913575868764,10.4339117041613,7.73468878898116,27.9825752409848,15.6322923583899,7.4562217022086,10.0970496065121,10.5155481400719,7.74369468221804,12.9630759367042,14.5513037276442,22.4829633872809,1.31282822663999,10.2927826094154
2018,"Cv2","CK",21.5215988338556,21.590653821722,20.5931793544483,17.765111630013,10.6637819397568,16.103424661942,15.4781715561925,7.75706274943667,19.1417037315594,15.2007379065783,9.74847781904255,3.91581809521337,10.0435729617576,7.48814837940451,13.1158386320146,12.6171421275149,26.0859894403636,0.938144683586599,10.231721484875
2019,"Cv2","CK",16.5330660321977,17.1602286669887,16.5356003990112,16.2391483329443,8.95502140965475,10.5849621902949,0.71929316147091,5.4175021786809,13.8823828857992,12.1483030367321,8.88477335299249,2.26095645421999,8.50897052464802,7.93139451535658,8.17899710135991,8.5527096027668,24.1894472628096,1.01986301733819,9.73572426350888
2020,"Cv2","CK",22.4683507106823,18.1308691659512,17.97667025141,16.6597998734618,10.0376981750316,2.6307435101486,8.01037520976445,7.00241503433416,21.2956771742457,13.5271197918706,8.36355792112689,7.14571072085462,8.94516138436449,9.93144648672606,13.1816234925339,11.7903340042497,24.0423054312718,1.10624402102773,9.37157046287748
2021,"Cv2","CK",24.2167035291976,25.0702437226478,24.35438307892,23.634959798751,15.5930787068666,12.9143591096249,11.7061369801769,7.44173984134065,21.768363096008,24.8045458477658,6.89765456963219,14.683422397847,6.13508927671369,12.3558954511413,20.1249029055095,10.4841768874677,26.3104840400132,0.806120797812021,11.5829170683761
2018,"Cv3","CK",17.9857861107045,15.1242193654917,13.024938656046,12.3662527488993,12.0658710135897,6.20667087397419,5.04617949633726,6.06953676933821,18.1259543967226,2.36608081971188,7.2568849566762,-0.0399183382106747,9.18333125613379,5.70014941864638,9.4715864506711,5.96224571861884,20.452265741687,1.19974187684417,5.86866753443958
2019,"Cv3","CK",17.0903737677141,16.772527671188,17.2520764610312,14.3592257667276,12.1992663143007,4.976385272261,2.22736383895715,5.50052562915728,14.4218825659564,10.7065485812777,2.55936546592676,3.62101025588471,4.96661338876969,2.94502435875329,7.09180751938944,5.69021895046947,24.9800611274996,0.641703644205087,8.77113058168339
2020,"Cv3","CK",20.6539678024706,20.6438217596845,22.2517724100439,21.6801567804077,8.73295058693166,10.9512685511358,11.1252116402763,8.53091467220371,20.3606326712708,16.3051246603529,12.2893217210856,-0.365566170550251,8.67092691820425,10.868563727263,11.9853281278624,7.0852392886042,24.2102919254894,0.591242561190013,12.2991688348214
2021,"Cv3","CK",22.1178283768553,20.8179936347031,21.1397618480913,22.763632892804,13.5924021303775,10.7988933654097,6.11864751544476,3.25909189778316,13.3911157604678,11.5857149354273,8.4190668955588,6.91582009037656,9.57173919481574,6.67575980087394,5.97814490439087,3.98609617968927,24.3299160428611,0.961274353831951,10.6422855231121
2018,"Cv1","Fertilized",23.4473600192452,21.4796890839555,17.5642127319695,16.3180777257673,11.2362429365976,9.7543248242735,8.54326958927935,4.50622534647071,20.7647044634763,22.8770584371893,5.59647770303951,8.72996428236622,7.00874324947644,7.28102655457265,14.8995565628003,15.9053575133514,25.3355917161641,1.25675810481084,12.0540851591756
2019,"Cv1","Fertilized",23.3622494720604,22.6102310039235,23.7095952820279,22.4652052159802,14.0161957370882,17.2232262039741,12.2064932308647,4.51714983169735,18.8107568820923,17.3722644547122,7.53317185633401,9.89385694590532,6.90459123470792,8.69885267389691,11.2371913950144,6.95326543993364,24.3350665128377,1.10299768401618,9.88592147922334
2020,"Cv1","Fertilized",27.8468197891032,27.5050478401748,26.4209639208954,27.5188219304016,20.7359636334801,7.00645371963775,14.420256599782,6.19037459929975,20.2316131183371,17.3195489634296,13.2574547244374,12.941409650575,8.03449231068426,11.2953260429857,15.6632280212538,10.0523645442449,25.2830529973453,1.15716495632843,13.1990791671997
2021,"Cv1","Fertilized",26.9294573316617,27.2544115615848,27.0417829805637,27.3893773415882,14.6470985381942,16.1418639426279,6.14312180006879,9.47410163409956,22.6492256131321,18.1945483858209,10.8204351005818,7.60951705512848,7.80791462084802,11.6185186686939,13.0398719481181,15.2008273473617,28.5478355899296,0.931476902459952,10.6618529016965
2018,"Cv2","Fertilized",24.4268038839629,20.34829840811,20.2813482619166,16.8086060343446,16.8061322931942,9.30707939266726,11.357764849304,6.24104731050104,22.6564021820876,19.754829347303,11.3567487684385,11.9675908183132,12.9544631720164,9.34023798154252,17.1199538100618,13.7111479382714,28.6739088207602,1.36970466131847,12.1483643482256
2019,"Cv2","Fertilized",22.0087729709359,18.5542040688474,17.4091749590374,16.7520104189306,10.9562580303105,11.2466422661619,4.69272591277688,7.55160484497411,19.4863537495065,22.0903947951323,10.9948975466873,10.5875600776732,12.7929773511654,12.2093706725794,16.5838503399445,14.4300662637548,29.307032971199,1.54073872317798,11.2826044199878
2020,"Cv2","Fertilized",23.3725625262157,24.518166037998,23.4052712415249,24.8855920935415,12.5879528843785,10.8970899170829,5.49505007506307,13.2280247883176,24.0383620260351,18.8948798558548,13.8996836030599,10.5532538350624,11.9922368411825,9.93938381900518,13.9778181189765,13.8741106389114,26.3036746121383,1.07045786907915,11.8337560004309
2021,"Cv2","Fertilized",34.1606989170806,34.7306421877479,35.2593777917443,36.382292316623,21.8125846020082,15.5837274065387,18.046713114456,15.8861178174169,34.6222146521202,28.3183761005028,20.9298367421858,10.6917898944127,15.1715279642829,16.4990656190627,26.6238739202879,18.4355512142678,26.8859567899353,1.62547979543264,11.2220794536503
2018,"Cv3","Fertilized",21.4876657764834,21.1405991998449,21.2080020835743,20.8379294892956,10.8552626545164,5.43916060073856,11.9219807532246,11.3713828179937,22.5833420024188,13.1318196964014,13.6093671070503,7.819380632985,8.55400658878163,10.7858558269903,13.0536556258716,4.11539577576738,28.8008391152885,1.01982981631059,12.6421563628105
2019,"Cv3","Fertilized",24.7035821673495,24.7763497780161,25.2617431470824,25.3435743577518,9.7132547949734,11.7598296041898,9.37694745571797,8.55849888019712,20.9498207668465,25.1847373391429,6.34220919122869,16.5072533029183,10.1857475534679,12.3147917040337,13.9768942423433,12.0138518871072,23.4423479493714,1.30289324907583,10.2828096670846
2020,"Cv3","Fertilized",27.1660123637996,27.5417747402611,30.1161647831066,27.3207619648236,20.0951127239198,21.2071247742018,14.3250880319577,10.0047842663631,19.2119388104837,25.4389255061619,8.51868862929632,18.1095983199443,9.80195401181384,9.85731098166708,15.5396512296176,9.2603353847913,26.3198422017556,1.49405912931827,15.3446975737838
2021,"Cv3","Fertilized",26.7110577957783,21.7196735980798,21.7162973936209,21.166494743943,17.1077063911065,13.828943423428,6.10554173317917,11.7221045508559,21.9203352970113,8.05804978614191,11.867063135896,0.466882928499704,9.15336173407173,9.13456100441744,8.21266149923115,7.85926266734125,27.2555416245288,1.02745160792174,10.4038178523865
2018,"Cv1","CK",18.3551050414314,19.0205206863897,18.3315924224676,15.8999190196859,9.2621447031786,14.5369768106753,6.87954223183092,6.36358915968867,21.3312994123232,12.4977007130572,10.3384100778072,7.84990538160026,10.7174566970939,11.4121102029117,14.234809817555,16.311021256965,21.2451486193299,1.45680978853139,11.3902608692953
2019,"Cv1","CK",19.8450560390382,18.1175746441948,13.8016249783313,12.1145978761859,5.92479726143115,11.8036832770395,5.23948029004992,-0.194894996575758,17.0291486965334,12.694399804817,1.97707850465493,4.82312739011124,6.73446919588592,5.57249425775235,7.93447545572842,9.3317407601968,20.1989719054026,0.925066053725566,9.74646059146423
2020,"Cv1","CK",20.4621120004485,19.8080372463953,22.8456082512645,23.2490137769339,17.983896514467,13.3368067470832,8.29602313699379,6.75993895349719,11.7359192454126,12.021301304568,3.59361544772313,7.57881253659518,6.56301683247109,5.57491647112318,12.1797368945638,4.96972733173412,23.9972378431443,1.21980404550314,11.8576216021908
2021,"Cv1","CK",22.8092051142464,21.366468412921,19.6424531802266,16.9371135126899,23.8566355323625,13.3918634499578,10.0592774815824,9.79762158457415,22.2052701540358,15.6554749813893,14.1462885309871,7.29234590332536,5.02109054069885,11.4725032272051,7.35613079894252,14.024300862594,27.176005348812,0.994241993750747,11.0718547859677
2018,"Cv2","CK",17.2532464453273,17.5611938764454,20.1232959490885,19.5236733253981,10.9743890892627,10.206774233518,12.6613009861232,5.97725755712686,16.7167885297917,10.0276108986282,8.83253575109139,4.26970565250956,7.17223268497831,4.98211608084755,6.35761831462425,9.49743861395004,21.570065387031,0.893177949787766,11.5558010620072
2019,"Cv2","CK",23.3640307823004,21.841322108867,21.4032874608745,21.0457855200818,16.5678384119138,9.17307473244249,7.19400179601309,9.41864660636409,19.120672548615,18.8226825724174,5.14265496146332,11.4576397764279,7.74385456631818,6.04708717433173,12.2800361137912,11.1419563289924,22.6282108810539,1.07967539715474,12.018016559502
2020,"Cv2","CK",19.4102008231863,19.1879564720186,20.4956017703638,19.5779697251233,15.3198014301342,7.99517402403889,8.10026535107835,7.87385597709125,18.1181778820581,16.9544732927445,9.70686755971767,10.7158412265798,11.0234143827725,7.77876472309111,10.2315205807345,9.83890160086664,21.7655805697352,1.18808579449902,9.6534114648889
2021,"Cv2","CK",20.4866265130464,18.900599045088,17.7360335633236,19.4693167960767,10.186562607212,4.64777953341812,12.0046854728259,6.29865389638171,23.5983090463314,18.131503552275,11.3230321035422,9.90298288949572,13.0774422396218,12.5654327045683,18.9196101981888,12.0824870298905,27.1418640711111,1.32269442926647,12.5472546862658
2018,"Cv3","CK",17.3969577511464,14.7577769374941,14.5249830695413,11.9914620766784,9.38458596201821,7.36143532710709,4.82286731623691,3.74422565345223,20.3262101883287,13.425487320139,12.1786667143677,8.10489180620835,4.38996975831848,5.71422911163,11.9768523555952,9.91124917581442,21.8641774282052,1.04470376322958,9.11134902635193
2019,"Cv3","CK",19.7280884831543,20.5431042488147,19.8640412182781,19.7732366104315,6.65548997995702,12.9696191519775,0.133501975489944,9.0844562877469,16.0930952137892,22.6751269483599,14.3662234121475,12.4729447117798,11.2075889907529,9.19544787933575,14.304189416898,13.4890573825914,22.112177926284,1.3463744478358,11.3499257350286
2020,"Cv3","CK",21.7659199735523,21.8772699904637,20.5980889414035,19.4646930902275,10.8498172873158,14.0344026648101,9.78118693590518,8.41461372276772,19.6542574270116,15.7014282734065,5.27942832031721,8.68583614136224,7.90510609534909,10.7627815814018,14.69424012482,10.9896757388661,22.1776793785627,0.93323573221195,12.4333355294426
2021,"Cv3","CK",21.7618883817736,23.3482817405082,22.1676910035745,20.7764426378236,14.9243623777225,11.9595389836204,6.20767236809603,12.0145874748269,14.0866216356062,9.82929377527412,5.52812025183068,5.18833736795792,5.86396320238107,6.07283376126373,9.0420706408959,5.29264468617014,21.9794310364225,0.848316020647892,8.22368623496499
2018,"Cv1","Fertilized",20.1947286848618,19.2924595837308,19.8117110874972,19.5078479382758,11.2446892431945,8.00334694019967,4.9290692169871,7.20367982200549,15.0837886922745,15.6404548200575,7.12560552511003,10.5670580873232,9.45022922572471,8.81489898675301,13.6086820358344,11.7203875355133,24.2342948020004,1.18857634502974,10.369946314968
2019,"Cv1","Fertilized",26.6334973364471,27.3210014551893,26.0188142347321,23.4882133487062,15.337463799319,23.5320530575503,14.6699761346474,6.62566121340242,32.1406100164115,24.195759100162,9.66169000705445,14.227577426847,15.8596694630018,17.3320525992414,21.4341204172296,14.8056988900372,28.7156317849173,1.67153369102101,10.911435558441
2020,"Cv1","Fertilized",25.1935722398248,27.1567008208534,23.1001770791922,20.1300007044146,14.7784646893873,15.788407004178,16.5840648527226,8.54970958650418,29.0588794740919,19.3091135102993,14.4357797491655,12.0363552708657,10.9414400536021,13.8935406690081,19.5109272552945,18.4381193418835,27.4630825150932,1.35385368603593,8.43523586577694
2021,"Cv1","Fertilized",25.947593321889,24.5253701493306,23.2315362760858,21.4898149628607,9.9775550456466,16.5244109893027,6.1732668862237,10.7119296448768,22.1513704540559,24.9650352553472,9.29617811329066,15.8034231231559,12.2785517012386,12.961482730296,11.8920363651619,11.1943888321558,27.7213441622954,1.48547789176305,10.6265861689253
2018,"Cv2","Fertilized",21.848821814922,18.8643951457892,18.6740810540936,20.3017167787268,15.6221828916482,8.41915565089263,10.5627079666377,14.9665875786717,16.2971937183922,19.4325280130365,14.855405164935,11.3642760055619,7.84151325569324,9.91440324922482,8.96967068905517,12.9628718276652,24.4778833067237,1.29804986169449,12.9487527236385
2019,"Cv2","Fertilized",23.712775195571,22.3537478448638,22.278431419391,21.3620785813097,9.89718645053632,11.0630010412681,8.62892905264748,7.15378239321269,15.6031990171988,20.0179081864813,-0.952329133050654,9.54995910715667,11.1882520145489,6.58844359364685,5.56742960486412,14.4597220231465,27.4186064647165,1.29013447306084,8.60107203744474
2020,"Cv2","Fertilized",28.1127135951592,26.7916517351811,26.7165034613973,26.2136550587391,16.2419176698486,14.7416471607107,11.1120237622203,9.50640130777085,33.5414372787025,21.6973907644866,21.2353821439737,7.5802841125075,11.2589641654481,15.488100797677,19.1659735495952,20.2381984700901,21.3808981947226,1.33720829623572,9.91626707533123
2021,"Cv2","Fertilized",27.8480936315902,27.0756143883541,23.5374621070505,22.2526921505342,15.3931657927776,18.567374130022,13.0816949471894,11.5485564914075,25.3673073191378,18.7468585216475,15.7077276626423,7.90933189941895,12.9990728042357,12.1127547039404,20.0662499727437,12.897767224134,29.1451367974028,1.22573218800576,10.8006322757752
2018,"Cv3","Fertilized",23.8294885231733,25.3979459891522,24.951059076169,24.6567981740997,13.6419116633354,11.7645493582077,10.6214471857908,13.7065776491533,19.3844355265833,19.5212059375973,11.8974926521525,7.15073821689628,12.5017640218871,10.5336518345898,10.6749274952644,13.7482928680568,26.6250191382961,1.33368488071389,10.8570005942238
2019,"Cv3","Fertilized",23.1085429499236,21.6193271111655,22.0711159260861,19.6435966115604,18.2450236041615,13.370510555932,6.27435030885218,5.88139307480924,24.8121148389846,19.2625308425962,12.8464933976667,8.73573966037236,6.07709060184307,11.1330621079451,16.6487948551177,6.80946920490887,25.4800199055153,1.10306590653609,11.194111929789
2020,"Cv3","Fertilized",26.3217636348951,25.8812706186025,26.796138640804,27.5330043406569,14.046878427191,6.65619140634056,9.30722883209301,13.006913101096,19.2031453367114,24.7591772523131,7.46917178274311,10.8037049082354,12.0082722453971,8.44848488105382,16.4318798029394,14.521404728828,27.55960006694,1.28090096942182,11.5407289591593
2021,"Cv3","Fertilized",27.0292472242141,25.6877211268708,24.3502792203046,24.2273371106667,13.8682555473928,11.3220972611905,11.7985174540185,7.99546230213965,26.9642740727498,19.0982298929261,16.7990312387198,8.95905749883219,11.1829690362672,11.8228134953724,17.2307577948492,13.4908905666291,24.4333703212341,1.24507562730785,10.8489609294197
2018,"Cv1","CK",17.5105480091514,16.5412240719389,15.0583851926647,12.8487059586272,5.94736682065929,4.39458480567952,-0.984487918513817,2.25294757272415,21.3291096297481,10.0233984480017,8.00731361976728,1.93999946917814,8.62385608056088,10.3480392098728,10.685995542973,11.2052263906723,22.0748149296773,0.682635824704943,14.4092519449009
2019,"Cv1","CK",17.316400268313,16.7874867635724,18.0192435113894,17.1010733801074,7.97274591615405,11.7338315338575,10.4934305501012,8.71051205774374,14.6382969020469,23.5787642078857,9.40343390460908,9.922475754221,8.56709361707153,8.33083935778722,11.0745158953138,11.7913955540449,23.6821164477749,1.27046696895029,10.2360158531118
2020,"Cv1","CK",18.271269949076,19.2635919931315,15.7616999244625,15.8361973537112,7.46420784734237,9.13843673172496,1.60322967328827,6.65397225808768,22.447731138513,16.7847238621702,12.4317831252004,9.45912340231888,11.4754587278554,6.20641525521728,12.1042057322425,15.6541271960553,20.6991050122871,1.28892774442233,9.0717990528105
2021,"Cv1","CK",26.6730458166917,25.8550233829279,24.1997784175582,24.0363748906401,17.2276660787599,11.7563894454437,9.74570455547842,10.7825425906827,26.4083424739068,16.7385568919186,16.4328858262589,9.01009630646713,13.1267747314997,14.4627805818282,15.6372637986172,12.4321175427734,24.7011988657618,1.21790163648481,8.80765448719274
2018,"Cv2","CK",18.5227986001491,18.5920620801957,18.2782551992319,19.5011562230472,8.52466642206581,13.4033305786936,6.74022514691689,6.05895199905304,13.9691409606237,18.5348045133368,5.19493118584635,8.05519321195199,9.08396339353385,6.99743049491757,15.047012971514,11.9524021982764,23.2612235685514,1.46004057379719,10.8117033788633
2019,"Cv2","CK",16.6045842610182,16.7728743056935,13.3462136576216,11.4267320252794,10.8748766616953,11.7352557275668,9.21769392112169,9.95562667789204,17.2750347892413,12.9797133065318,6.89455451068956,9.52832364941897,7.56586756043372,9.84440022524804,8.42340545222429,8.75855618387429,22.5531822243264,0.97284681579354,9.87440138327654
2020,"Cv2","CK",19.6705411823711,20.0427010886545,19.4621428823022,20.1363478055378,11.3630422458789,7.32728693392478,8.35140509809076,10.0504031493582,14.959860940235,19.2252062237397,8.38616016155411,4.68921478787064,7.48474126908064,9.79437373193929,11.3839030818767,12.222807865046,20.878526539267,1.22470999392481,12.5102324705772
2021,"Cv2","CK",20.3076588780012,18.4460670497246,20.2628630813029,20.8176850962147,7.88390878706828,10.5066329876912,8.41096263723678,7.20386676152978,15.768638395626,15.3274006563386,8.801374664356,9.11197615385056,7.5154441459179,11.0894819634823,11.2034800249543,5.6350134354815,25.7428919768993,1.14590846418986,10.4484372569392
2018,"Cv3","CK",21.7190016505717,23.1593234718637,22.1532324917092,20.9095077938549,10.6595776331749,7.89432803039509,10.9557004232595,10.4720499105733,22.9327042762435,18.0925243764792,15.5883472001285,13.7557538896015,10.0437338555453,10.1721259940861,16.9750794937615,14.1272771379343,21.1677472851206,1.34855068041751,11.3913753783455
2019,"Cv3","CK",21.7319529371351,20.1605178281941,18.7428367907487,16.2789467515159,15.6945091274541,8.6534138414635,5.01609104772818,2.86803554892531,17.3419850402782,16.2073245379152,10.1271908052973,6.88011899421175,8.8541842961329,7.78643833820237,11.1050070264128,8.89602150476235,20.7387530271485,1.1696506014857,8.39565149799921
2020,"Cv3","CK",20.3625829023392,19.2039066508646,18.9162742219157,16.2825564355889,14.9267779992672,14.4516862368731,6.97881312056714,6.09977219338788,17.996879846263,16.9567220231121,9.43296004117443,9.64111576567858,7.14121738141386,12.2029164256472,14.1989204677148,11.6705256212056,22.436044112796,1.05225929664618,10.7001548170485
2021,"Cv3","CK",23.76500716566,24.8710825672312,23.4524743110502,23.1391547479677,20.2757241222979,16.7859251376069,12.9137429658434,13.4657355952287,25.6857539145457,17.1728014763731,15.3707364890192,6.91153672821369,12.3094476369953,15.0276984945286,10.9359435845059,10.231610970943,27.5971488781148,1.33607869487497,10.4459151229491
2018,"Cv1","Fertilized",21.4927010569665,22.4338269161849,22.6539274773035,21.5472373767221,12.8848797089806,14.543969724493,11.1119918538609,8.05237701587582,14.7093345407193,15.3696287240791,5.72384382307136,7.61876925331927,5.49012877529103,8.1567785769021,12.6498213998408,10.648611715817,25.5952310307523,1.06009167580433,8.84739465793131
2019,"Cv1","Fertilized",23.1546331950369,20.5196453864201,20.8762985830946,22.5449525833718,9.40529947507573,8.54711103421906,4.52402931298026,11.7494521493354,26.693347783698,15.7479301239135,16.6255895806863,10.320775448324,8.1890273476376,10.9500135679498,15.6908311739638,21.7069593542774,26.8486930055161,1.21248678182523,10.0663228642838
2020,"Cv1","Fertilized",24.3156673400314,22.0060608394052,21.0100983312504,20.8128052719947,12.2841493229734,5.35873600887596,10.3179084347328,7.65935610822816,29.5900011458751,18.0908618964416,11.7273757613528,6.3033875040401,13.0107276892258,13.4049147571613,13.976323204297,18.9258204321526,26.4026323587149,1.43174257626286,9.9568034411455
2021,"Cv1","Fertilized",26.4893845122768,23.4522659232208,20.6872276865962,19.129310373851,17.1190962218865,8.19903840953794,4.14212220082733,0.757644948621727,25.6909473434111,16.9392992701742,13.8599157858242,6.80518724183966,11.9257240651758,9.31248827257726,8.3670928094514,15.7302103687899,27.2376461176512,1.36949929553638,12.1310507183004
2018,"Cv2","Fertilized",25.6231958874776,24.8959666764074,21.9186355852187,19.3803222124731,21.0743265371707,15.3056529120862,6.97252182292848,5.11149124829093,24.6031551530631,20.5892453727198,7.18104028569336,11.8912927285144,13.5496347662881,12.2937524362206,14.9220257682473,11.7006752525899,28.0224823328872,1.29160823379266,11.9341618697614
2019,"Cv2","Fertilized",23.9990707340972,23.2463320359749,21.3568359874919,19.483233475584,14.7294698107775,10.7514623594922,12.1754955465678,8.46150045733853,19.4629292502901,13.8122247686753,10.4708123997651,8.15324145351104,10.0534758646639,6.33956450045993,13.935421327097,10.9571276044905,27.3567333434614,0.993594715526696,12.0671223194522
2020,"Cv2","Fertilized",26.1313634885871,25.6775355196197,25.8736062704444,25.3879388597904,19.0999785685377,6.3509433231059,3.59630698184022,14.4948336767182,25.391307197239,14.8574087543912,7.99176420519342,9.84928192263253,11.0284486623427,9.46721975908297,15.5709113929679,11.5995997926508,29.2805002577513,1.42699240450918,13.2352658595289
2021,"Cv2","Fertilized",28.165993906394,27.9942304777218,24.0569227157364,22.3805207451514,19.2038402579132,13.4565527757115,4.28572651365208,7.17200192305807,23.3071131516061,29.1759653598127,10.959101740907,18.3462272705959,14.2105262410365,14.710536695518,16.98313569923,9.7895368690049,25.6889484350762,1.46929821157512,10.6607510052729
2018,"Cv3","Fertilized",24.7863327097749,22.8834934407974,19.0540057026986,18.8253508830446,11.3675247595129,15.6724643837724,11.5257202995587,8.35807738736549,23.0798108580084,19.1324056572594,6.26753907880481,11.8757610539742,8.78942891811212,9.02714730846621,15.1218421093639,11.9431612632882,26.0804472723014,1.12608747931326,12.8889723085937
2019,"Cv3","Fertilized",23.0749993223785,20.5844514357304,18.6037816985903,17.1022746203356,13.3316616366325,12.2226316394238,4.99713432727815,3.94645197969555,17.5228857798465,14.483314667578,6.84258340022702,4.00875951214944,5.87230925974662,9.70327135911902,11.8221205179121,8.65224599542557,26.4799522834918,0.834370574371851,10.452071395356
2020,"Cv3","Fertilized",23.9078587149478,24.4480362990602,24.0396285710311,22.8812887078394,18.2604998380118,9.76024251894184,13.3469724841492,6.10314675913435,24.7787235043975,18.3569160996809,10.0608610223959,9.63980214947231,8.67402427766578,11.7882680203918,13.1613326530785,12.6718009336067,28.044000930434,1.25566369647614,12.7724904633251
2021,"Cv3","Fertilized",31.0300129120022,31.1566048659116,28.7862557936642,26.6904912844524,21.246296075989,10.9405524767607,11.0097517151973,8.3442465835305,30.7178053754386,27.5916882024541,17.0232266466832,12.5985818404801,14.823136325769,17.4448584655053,20.7282938477058,15.8968270922467,27.2077864758044,1.58467329852606,9.63375046901011
2018,"Cv1","CK",16.4390545189937,13.1753047130006,13.5054282686447,15.3629936460077,11.2548211360996,4.10801067958994,6.68549834254665,10.2523836604038,19.114395138101,9.76498522461188,7.81083117879338,4.86492011796755,9.01025633571455,11.5511710693877,10.9120592635284,10.6193009881032,24.4244430996823,0.748935698996132,9.95787755155397
2019,"Cv1","CK",17.6609950443883,16.5182738681144,16.0183288233472,15.5172614205528,12.0279397627636,8.36271994802176,8.84716819822658,9.02783483795381,23.5951901544114,13.8830899410448,9.49180977158804,9.69363203668983,11.6679595288177,8.21881850872296,11.4345086627333,16.9992257677455,22.6370480304471,0.860622397746272,12.4518261473183
2020,"Cv1","CK",18.4203267779653,16.0764050438306,14.8204456164727,14.1663960772219,9.577980166151,10.7024236246515,3.97454263850894,7.44755390284184,13.5237424148653,11.5510296451991,10.4264182708769,6.60398115420756,9.33473155959969,7.04997068022284,9.46939255094944,10.9894030720508,22.3441809143882,0.996444756556354,13.2893362415183
2021,"Cv1","CK",20.1091876025602,16.0030609967472,16.2313032015449,12.6935095792188,8.1073566215035,2.18171003400285,5.57874851117815,8.42379149199695,21.141800690051,10.8425330066103,15.5784115740417,5.8868315839318,9.16944798348702,11.1134109863571,12.6411611195166,11.5758556465038,25.6103153418799,0.856183215801384,10.9210173496192
2018,"Cv2","CK",16.1734339942083,15.3986141909905,14.9811619352195,14.9708497845435,13.5903377690189,10.7689123613176,4.7471732651509,4.71506492361689,8.69205684576303,14.6441601557192,7.62646957551226,6.96173584166625,5.2800661861844,6.23214510582366,9.44904159013823,7.16607236319528,18.7940575183917,1.20232749343047,10.1904970721266
2019,"Cv2","CK",20.3430986186011,19.2242810547132,17.555378513895,15.0199431305754,7.94520069615989,9.62851370712069,15.4704042336251,8.28670806290954,16.2550902093713,15.6116225690075,3.65381758926132,8.99686679907472,6.67629769063379,6.65905219195537,13.3186624205098,9.78721097433756,23.8706006169761,0.820106449565601,11.8986497114883
2020,"Cv2","CK",23.1125692935914,21.9665153923217,21.313187793949,18.9759054324175,11.0508538170373,12.6925946049784,8.90371632487233,8.21925000658166,24.3539683224122,22.6497974620642,16.0069434089919,7.78902316535766,12.34428642843,9.75579983528861,17.7674584073622,17.5736974807825,26.4384441174118,1.01019787384908,11.2346184678888
2021,"Cv2","CK",24.093795754867,23.4180245675688,23.3892946045352,23.7668063610677,16.3431724304797,6.74924559407979,10.7741191111473,6.35941976998861,18.5957053404444,14.2270862307493,5.61223995800309,5.84889904335332,8.29541829867689,11.006586499217,12.6106047869786,13.6917841695511,23.1716380155611,1.03948337298412,11.0617223120122
2018,"Cv3","CK",16.5940663586137,16.9177641052086,16.4521891225017,14.7731381527393,6.16985616699943,6.45891891223776,5.55861502617782,3.4160685942505,16.3819620715829,12.8998666634279,7.97512796984605,11.2996614398425,6.84430332083608,12.5194405951208,10.1364545382748,7.00870804921024,24.2814782586055,1.08386100527705,11.0954041950603
2019,"Cv3","CK",19.2266268590373,18.5350231157624,16.5480078038381,12.9254493838334,9.88036487560399,7.9228089900846,5.89383119357143,5.32033854929078,13.5638646488975,13.5946596349459,8.98530693438694,8.64569834736606,5.4340451910933,4.69503050493902,10.8502246657199,10.9969673336627,21.6457771813055,0.993248520248773,12.5066794632176
2020,"Cv3","CK",19.4836800883718,17.5590263240615,17.8418296316578,19.4966857964918,8.14180953267564,11.9111872069578,11.2729958592351,8.41556450308636,15.6689785102123,9.80433238511376,7.19282801393608,2.01678411226248,4.64983023402906,6.58940233187572,5.40115599328536,4.09266391337495,23.3729161488347,0.87510280768773,8.7944888668162
2021,"Cv3","CK",21.2441827240478,19.1419838461658,19.8713881845038,15.305277796415,14.6085003076155,12.6555140652692,6.93190426518933,5.15803586258306,18.5361369702663,19.4509028496333,8.81689007427972,6.03978144676884,7.48512766495288,6.36062166374622,15.212536222121,7.81813613163366,23.8338502939051,1.22499086841021,10.33328868181
2018,"Cv1","Fertilized",24.0906819507581,22.8929777611963,22.3073895960113,22.1666068908007,15.7933482203691,12.7517602583432,8.9833647466868,5.87716902496066,18.9927978521457,17.7676655796235,9.87254620476452,6.00584202904385,12.1890331952442,9.3294582705706,11.322690690854,15.8154890339137,26.0860166098994,1.01349449327763,11.9410786751781
2019,"Cv1","Fertilized",22.075941827061,21.5409673069294,20.7571243006227,21.2829981742496,14.5112191760577,15.5831201983364,9.43373621267228,2.24052344823238,11.9779443810631,11.5337732825563,7.27254625685112,7.50735721096806,6.40137363741723,5.26356968640021,15.2638962052402,7.16433310459119,22.5865696211623,0.959867032524491,7.76248795298272
2020,"Cv1","Fertilized",29.8034609467169,27.2439404176638,26.130502796494,24.1840509965032,19.209470884467,12.0757366095958,9.15702988348398,10.9493268369246,27.2835960643449,19.2039023003202,14.8758500693922,10.9014280439079,11.1657157661009,11.5977680186588,14.8855949390593,14.0475958076993,26.7992441224525,1.1018337109564,13.1088723517084
2021,"Cv1","Fertilized",27.4979798592641,26.2215165560005,28.4636403254547,28.130070902572,18.1705251546953,16.148369859322,17.262648598713,10.3662132336175,26.3924895943031,17.0043037561069,8.01716103555162,6.79640496863007,8.16022547039273,16.6389071192118,6.99539747740664,15.9561070641748,25.0804613427205,1.0247342548239,9.85555353427584
2018,"Cv2","Fertilized",22.7504586060627,23.2013594963145,22.6158327945182,22.274528377101,15.5683446395491,11.4928596587851,4.76095428114377,10.5572940003843,21.1124512197513,22.60033630715,10.029280907696,10.1941151308782,11.2395301011767,8.130835924806,19.3413372826598,12.5238664996329,25.6087685541047,1.29686963307065,9.77623914948733
2019,"Cv2","Fertilized",22.6300715747889,21.4676514379372,20.2302103948873,20.7911451242591,7.67205827485069,8.73179943043937,14.1259630974918,3.67878260995313,18.1795894871864,27.0982507691882,9.95031031320815,16.4838095931709,9.87892688963271,12.1836868675066,13.6053538805945,11.0433589144648,28.3299669232065,1.40484316085497,11.262932967321
2020,"Cv2","Fertilized",24.7440956362054,22.6964646348138,17.9345879315179,17.6607370134467,14.4000082976436,14.1183724323994,6.11905950596963,3.30428699944135,25.4609745013483,14.5099330906462,14.5027072855922,6.33374571542506,10.3684958658494,13.6580423314213,16.316222481312,12.406344252557,25.2654531564649,0.974669052476051,14.5386675720296
2021,"Cv2","Fertilized",25.0445867825853,23.630669029947,20.2827463824012,18.9154207137624,15.3641435072069,15.958635507522,12.1844574935089,7.23217266148906,26.5674871940448,17.8660306620412,12.3316627445345,8.75778749148512,11.1291547800421,9.88633437718977,16.6640302856402,8.20415534873656,26.5806737219917,0.924091522485794,10.0709032752968
2018,"Cv3","Fertilized",21.9555301760588,22.6275029941017,21.5109931931859,21.8849812800962,15.3473467135785,13.9485027456054,2.60686504425195,4.51555190514338,10.3996882978618,18.9976405722609,3.09188922762839,10.5564215276065,8.47154538121572,5.71064679121029,13.1481036772374,7.40180035041685,25.6005229399456,0.86339515270087,8.63753471580677
2019,"Cv3","Fertilized",24.945091794117,24.7701577359382,24.0795988032029,24.2805323379675,11.4045968484543,10.8568685017023,12.5000813855665,3.76335138302487,26.913895153186,30.5138520782307,9.35418417180506,14.7099431475887,14.0396684434963,14.4535557287458,17.2099156129736,16.7581036866224,26.8732531203298,1.11977207996033,11.163498743551
2020,"Cv3","Fertilized",26.5414817040547,27.3964954041771,26.8118040924695,24.4069505412658,14.4260884529851,12.2888847996233,13.3540154319184,12.113566440007,16.9401452850596,12.4842442062972,6.28365089577033,4.0370428899402,7.22288959271592,9.95720011275207,6.95414660216924,4.49962879302029,27.4679646905753,1.01711866997032,12.2380468696975
2021,"Cv3","Fertilized",26.1155460730863,25.3241928588289,25.5564530295019,22.4552718785083,12.4483986715983,16.7951239698325,6.40893029712049,11.6847167706519,21.9675193731845,18.2499833784125,10.6191849096635,7.886167863737,14.9859294447002,9.36812600708925,17.4569097633342,12.6195438332921,26.5019764190365,1.35148790979971,10.8357663713167
2018,"Cv1","CK",15.7441370110962,15.3595496558319,14.0683210418512,13.3087373518409,12.6182028447868,8.73825404716917,3.32235678127159,2.23360401472287,9.65611338389662,7.21821497295838,2.92243854532873,0.366106180883137,6.51488540491536,2.16699954765706,3.15220744292834,2.86409919912488,22.6328693763143,1.16646011638198,11.1431368151251
2019,"Cv1","CK",18.1027295475824,16.2650441790602,17.086927370784,15.6759838086212,14.6988554781774,10.6212440274934,7.41534548472426,5.45422171774871,13.4044963874273,12.2659127566452,8.48635625807539,7.54089422634564,6.73456793016098,6.55869936960325,4.44049002834506,11.043355342926,21.1645992942571,0.767763222031346,12.2882387593517
2020,"Cv1","CK",23.8849943554246,23.7930503588201,21.4107762945158,18.9324676256723,16.6940267893325,10.8804192284171,11.9958168041973,4.17106833475517,26.7456411954582,17.4543886038512,14.4753242904224,12.7233146694782,10.0521740861518,7.01436891360588,18.2684815443682,12.4168828303738,23.7507606344741,1.12255836233481,8.7151753024945
2021,"Cv1","CK",20.4040118058643,18.6445114925804,15.8318474119158,14.9577434311884,8.5751969357876,13.1053605556842,4.03474105268031,6.9323781227343,20.1497641157574,11.4338411538317,5.24866675381987,6.44970848452314,10.6899568325997,4.94499107542307,11.2942831656813,6.20208075093222,22.3253502784962,1.01537227239622,11.6508875438289
2018,"Cv2","CK",16.9632777640438,13.8324295070002,10.9889502406695,8.00895545093913,11.5338230086363,4.48994931861353,3.7232020991079,3.11454727736968,16.6163726791982,17.8338706224282,9.26018187399411,11.3551229897956,6.68638681585958,10.7854864215885,18.8313229315745,11.0527412036997,24.2165475952994,1.13722161434039,10.4975400014974
2019,"Cv2","CK",22.9118506276259,22.1038400761521,22.2172856124319,21.4591251394212,17.1984579357183,12.927974600676,13.6009550499048,5.97526870289038,12.1470937291893,18.7340225164376,7.69866083924849,7.41360618341579,7.29480427558901,8.63791021029148,11.509873114511,9.10468182151553,25.8330365494713,0.909429767500392,10.7592454190696
2020,"Cv2","CK",20.6909232450743,22.6097000716715,21.4853201581626,19.5479275768497,12.918376889254,8.8533251391314,5.21208634071057,5.49651839905134,19.7908876568526,27.4372255713872,9.11146285868274,13.2976864569029,13.1298829083752,7.45903544713201,15.0882445130733,14.2893876151686,23.4128496417313,1.56381865301272,14.5506091730732
2021,"Cv2","CK",19.958937639553,20.1603091489126,20.3450360316433,20.780782442932,10.2770345850439,2.69242952469899,10.9813963548079,5.12606939688823,20.5185307929652,19.4596592005496,10.1797781105835,9.32149313049398,9.22486684734763,11.2297800128246,12.1637564276664,12.639821231093,19.4524344624931,1.11068932838698,11.3657849516101
2018,"Cv3","CK",15.9918420822561,16.7397221671755,15.3381625348399,17.9748962465822,6.33675052751961,4.34098855154873,7.48156958164064,8.4990812852105,17.9860224645888,8.05021720624912,7.69629631143322,-0.266813272173071,6.27143053280908,1.89946921281165,14.6633001676213,6.62880890084359,21.1776347736618,1.10061298899669,12.1481976261375
2019,"Cv3","CK",20.0780469420778,19.6163305267176,17.7284923733983,15.3545235078682,10.0509197785662,10.2170508609893,3.77395336369036,7.85483594658956,14.0849095628971,12.3015319304375,6.1622945530887,6.417444792812,7.56639753776277,5.70267294964342,5.67963975159561,6.93615982661847,21.301839743143,0.63670004816982,9.00758015243463
2020,"Cv3","CK",20.1416672723924,18.228831504918,16.6763026422283,17.2627988986427,14.2295454312834,11.7631840013365,4.66691753036997,8.03454424270476,21.4951055997809,15.3647131080483,7.72643242378851,9.12006833093118,9.80041656680563,9.81393603087474,15.0583423082596,13.0019570674135,26.1711503136197,1.08780255076091,11.7882424148422
2021,"Cv3","CK",21.5548663200962,20.2515050374308,16.4725798010682,16.7103043927206,11.6379364909119,4.87184626943095,8.93886445133387,4.15545266484032,13.5578843183724,13.1338232183319,8.05456495810592,8.61713097578238,6.1956247151604,3.81597771072694,11.0483407385876,12.8877233099024,23.5350714028134,1.02936650088641,10.7536965739135
2018,"Cv1","Fertilized",21.6335464845473,20.2236743243294,17.4692514337082,16.3639600972502,13.6629727105486,6.35756375540613,7.73457887161968,1.18707515419427,26.1431894795543,17.0452136376497,9.3971449627707,12.469568941149,10.8332515015126,13.3320957473668,13.8524220881979,7.17943961467222,29.4355560968847,1.11223049768859,10.560110286294
2019,"Cv1","Fertilized",24.2881202785465,22.5850706088734,19.4220186393357,17.7415490782502,18.4577095541388,16.5861732941631,12.0441022881367,8.68924662076349,18.3241611557831,20.365736661024,7.3906866119102,5.76492002017952,10.072194130546,12.1014860340924,18.0465391000935,11.1999281074986,26.9611028370788,1.09554093211952,12.0752462837226
2020,"Cv1","Fertilized",29.0898905580236,29.1461414839182,29.7276248918812,31.0905864521374,19.1889391562225,13.2713726924893,10.0856980704777,11.905057738672,29.2522492344775,25.1176989753314,11.8852104098233,14.4118038647275,14.7326719002374,12.2427751903667,16.9932429929851,19.2500313777291,24.4338998733064,1.31465633883176,9.17072003639912
2021,"Cv1","Fertilized",27.501488822918,24.7054435693699,22.8094484323257,18.8012617049713,20.5949116381714,13.8698221804767,3.98031628379185,7.40232763207404,25.4637762704583,18.8467044914037,10.1191349921592,11.5745744641996,13.9969974113243,13.3196640102304,15.7811062820363,9.75550843225655,27.8915450205737,1.29222596801416,13.167512220613
2018,"Cv2","Fertilized",24.4829799451073,24.7825291432764,24.9667189224617,23.0019267350712,9.58504855908314,10.8104586075062,13.1301683484195,12.2971546486486,17.8401897197788,17.2887055350079,7.81442794050869,8.01427534342962,7.97133346425445,9.17532336681672,13.4855727601633,14.039108700106,24.4640302144219,1.35634901439283,14.5194059084137
2019,"Cv2","Fertilized",25.3686352155692,25.664863944908,26.939599847446,23.7843346819593,14.3791522902001,11.9366833169995,8.94997508367601,6.83318636957893,27.4680520641544,15.6295555797774,12.2782684837989,9.62215578813456,13.9996456377689,12.0746282883175,22.6454654199911,11.7916000472877,26.7239522521997,1.02240826634147,10.8242204012483
2020,"Cv2","Fertilized",25.6655932247196,22.8676596861165,21.5799974724516,22.6729676308707,15.5945599933084,11.695562462874,8.99302056944831,12.5012330294033,22.6729545650366,19.4001749005535,9.23659164497221,5.45649002605165,7.75148863593593,11.8602907422015,16.734691011125,14.7451952039291,26.2188696447305,1.17244723821098,12.0572972674325
2021,"Cv2","Fertilized",24.6128150414146,24.5720530382654,23.9978713977939,22.7118162488266,16.5034568996743,12.3189120475297,14.756274000673,7.84515201389186,25.4170122360347,23.2321487988896,11.9482044276695,12.2592584212671,10.9813602908014,9.59397472846661,22.331093621477,19.0160456447825,26.4646564128956,1.23211332831909,14.7678277780693
2018,"Cv3","Fertilized",21.2791463176992,23.924486296216,20.2978850171218,18.5108782179173,9.2598679260326,11.3845625149818,7.36791184991515,5.26478782189889,20.5530680249214,18.0955911421732,5.52184118822318,-0.33946900308853,7.07923493690416,5.6099456261946,11.464216683014,14.2903282501974,25.2089783672376,1.42087549675665,9.67883203570728
2019,"Cv3","Fertilized",23.1273860779911,21.2915628550787,19.063558188799,22.8396248998985,16.2949862131365,9.23639197210814,12.2740892577105,8.5186115285067,23.9214718352492,19.602119961705,12.2938510201886,10.7372348902889,11.7157486664031,15.2915500779802,10.2129038022606,16.7000226082825,30.263452764041,1.633960240731,11.0823355874774
2020,"Cv3","Fertilized",25.987181881255,26.2545382433671,25.3388605174413,24.2638046156099,16.51447935724,3.98368645228737,6.8441252571792,10.8755810327725,23.5286570491442,29.7306137836045,13.6598670014427,19.6699972568153,13.846442632911,13.7775975680095,20.9987173102868,9.35430007465522,30.1150215197342,1.56850989806046,14.7935168220984
2021,"Cv3","Fertilized",30.2790164025294,28.1057136341003,27.5543439891045,25.8887200213048,18.9588278823318,19.6588233180513,13.7982713039905,9.73384107275473,31.2773688073627,30.1095821061119,11.7893883275796,19.6807521361807,12.6730762262604,16.0980222487383,16.6584151557203,14.595996863078,26.1049702155341,1.554958267481,9.88290995962175
2018,"Cv1","CK",21.9075389004664,22.5736060277706,20.4345088518223,19.8843067270265,14.669977715095,16.6580756386144,8.91420117634191,5.25220102916703,18.4412749762361,15.6514434799223,4.98133562333904,-0.153286399246545,8.75840013316886,6.1372425774434,8.04531194278742,11.9722155105154,24.1452497678986,1.35827558129013,12.1946502947405
2019,"Cv1","CK",22.2022891022356,21.5770261821255,24.6043146809657,21.2516777498332,12.9722981417104,7.48526786590503,7.63141125433191,7.65579826356095,21.9661608809852,20.0539260110487,17.679071770824,11.6320435335767,8.77290091808566,12.7701214066286,16.6349527624237,9.87368367303371,26.4622262089303,1.11614611188405,11.8382096636923
2020,"Cv1","CK",20.626571087074,22.1044441745088,20.4168589658702,20.1523129298783,15.1525809477418,10.5478995209245,4.32671676967912,0.435131868537383,20.3737746848293,14.5371957468948,10.9054090648528,6.21943489040644,10.0072572650162,12.4066961978343,12.3433387179942,8.81766764301438,25.9593088572233,1.08319015814228,10.337002779783
2021,"Cv1","CK",19.1655642560805,15.9771081632751,15.0734734982202,13.9292286966002,13.4440278748428,12.114379995775,6.2593203900716,4.04615643302276,19.9867557203049,15.3602132932156,10.1529566408669,7.6050824723184,5.9582416959107,11.8924824624769,15.1438241210656,14.7567574439901,21.7348401741841,1.27669995585556,11.7426744470951
2018,"Cv2","CK",16.5438212246607,15.4668743954727,15.441562196203,15.1443498799982,9.47566461229335,10.728307266893,6.94211916584344,7.42563860461636,12.1898797565296,12.1349845162172,5.49941751153374,-0.580908109031887,7.81339546184807,2.03396202267118,12.8159714812803,7.64694165299315,25.5943015255638,0.963875189587619,10.3719186858129
2019,"Cv2","CK",19.2855414304147,17.4951536662263,16.4561257140653,13.9825697601585,14.6924559162709,12.5773816893504,7.41479073673015,5.08524858046714,17.709675726007,14.8986676548154,10.3327811463657,8.60445533093311,8.20382038402844,6.07106984793901,14.2917052348292,9.91845664969622,22.0382935816353,0.962025744869052,12.1527159498293
2020,"Cv2","CK",22.5828990238668,21.2870017202523,19.3216506397117,16.7871748764898,14.4274154691586,7.42826010564679,9.33922832257932,8.77985311737958,17.7447693442298,13.2004727024569,8.98410785539461,5.02007428799982,5.8916399562774,7.93189371525273,12.2050394917497,8.54681571795925,23.8293712558865,1.0373708174233,10.1023022183039
2021,"Cv2","CK",24.6036749841643,22.6593068701353,23.2272653660803,21.187143371166,16.768459188817,19.0614577236616,7.90944944850197,9.93280465038978,25.3889851658759,23.0625488586278,11.0567567258677,12.6529428960105,12.0633610974626,13.5065651048973,18.7304145648246,9.74177365120182,25.1135475035416,1.24624767470454,8.59304545602603
2018,"Cv3","CK",18.6899998116372,16.4392344408347,17.8625524256455,15.7105680660063,9.43146696210963,4.81923734110634,5.61020980368944,8.22116746546928,13.8241012384126,13.0993312837224,5.61462241814018,5.97601104079134,6.23576257799018,5.64308109731355,9.89391983599612,2.43530786155539,19.1957099388167,1.33656894841583,11.7875518043557
2019,"Cv3","CK",16.3165782846691,16.1846618465938,15.1401208900191,16.0886958400444,14.5312424817592,10.3540799489468,6.76686199339052,8.40361317109423,21.5874919540942,10.9551414541398,9.76029185804642,2.40125806095308,7.93835312885784,6.41855974817045,17.0467160750554,9.10949129097908,23.0103171915831,0.937716558493779,12.8241115238079
2020,"Cv3","CK",22.5921591069986,19.9607880358832,19.8041890539878,21.1729073967,13.5433286311492,10.4042219592787,6.29690810673005,3.2534206745572,22.9681553902322,15.6308251418668,10.5250695077988,8.81500157925487,7.02191346231117,10.1093170056964,14.0336778460092,12.643910544438,19.820579315478,1.3006697078339,11.248309653853
2021,"Cv3","CK",21.7855046143413,23.0115510116758,21.8654322639218,20.6300943343632,15.6148310752852,10.2946445519518,12.4038558466979,8.26451677380061,19.7973315169587,18.4856105797733,7.64356913768844,11.0280125038201,8.46590125910425,7.68544922096795,15.8860472765224,7.52804828556068,19.9914047127653,1.1525726152357,9.77495385394761
2018,"Cv1","Fertilized",22.6709863531267,19.8916764751561,20.4163593017094,18.8779544608323,13.302242234198,8.807590843035,8.68895134600219,12.4413837881534,24.6728116430432,22.5657337922109,15.5587103918444,11.4458247583976,11.5683350057111,15.8966449630222,13.818495954303,8.7482233391064,27.1847578735269,1.5797963496787,10.2294864788054
2019,"Cv1","Fertilized",24.2562293386155,23.4078480657085,20.6735969743187,19.1800387286862,13.7148478822275,8.72973359526122,6.42363384143804,6.23055981034122,21.3225663896196,13.7365322809538,10.9427496617882,8.56957090279116,6.17757195851236,5.11378386784367,12.7677129506758,14.3442570119293,26.6371276217279,1.23587689856267,9.09293688765205
2020,"Cv1","Fertilized",26.7492065456729,26.5486904759127,29.0299808119044,28.1338355286839,18.4028386632438,18.1423246252267,6.19131343250577,12.6119415387353,26.2872318036977,31.5711752618924,10.8244154133841,14.3935557447383,14.8051273638533,15.4821861811978,13.9933633154945,18.8785171730345,29.3728406646657,1.41259571140234,9.18495965885302
2021,"Cv1","Fertilized",27.7279690128481,27.608072021487,25.7027751498045,24.8481315003561,11.8829314739353,14.0725756940317,8.35006674223368,10.3694337930822,27.0439703133514,18.612148697001,15.295731361521,13.1604767936805,14.5818536055236,7.42137533912779,16.81742153949,15.1431203181748,27.7819096923135,1.3449127322232,12.9937548666989
2018,"Cv2","Fertilized",18.9864307576329,17.5338107618333,14.3455366401762,13.7805882218245,12.8269568979618,9.5445592285598,11.8762712124689,7.18327196429389,18.489417412351,14.0879672849755,10.2953941422099,5.97006679707077,9.92859308139224,7.15570033995579,7.15732685201391,12.5245049025225,24.1421173979642,1.03677616501104,7.64582969938331
2019,"Cv2","Fertilized",25.580118913815,24.6993719068076,23.172995166018,21.0529767544486,16.5287704672734,12.9785844525869,7.58691080301399,7.60510035026789,20.4589007021955,11.2216567182911,9.81671160754905,3.87187268960772,6.78493563926661,10.8888139234369,11.1514341430806,11.168397937416,24.3249037449391,1.0974280694111,11.7306638938977
2020,"Cv2","Fertilized",26.6649261524313,27.1068223801458,26.3268851063633,24.0565405231328,7.91296758408522,12.4278989308903,8.02275612498674,7.67771831970512,19.0834356723263,18.9116283280412,10.7443634372833,12.5805925114626,8.19362393303563,11.7423031487348,12.5865121444919,8.23201115530709,27.8895830972312,1.14173098049116,10.3000233997976
2021,"Cv2","Fertilized",27.1473157966393,23.9626169210247,25.398048732545,26.1936652281642,17.3935214635834,8.5792447262472,12.1180620013516,10.6933486243626,17.0692416027571,22.3842733556388,5.81548381552526,14.536783221053,8.66624264299426,7.06365744339913,16.4590364805697,15.5865196542724,29.2533692709274,1.29910724022197,9.30206408086867
2018,"Cv3","Fertilized",22.5576699748976,20.3850604075995,20.7518749227564,18.9289338811015,7.02934874289754,10.9537091328516,9.62462934363138,8.19501804455083,18.0421956279431,18.402343463427,8.42457705628536,11.2431386430168,10.3049142118422,6.15893870025345,10.8108869375511,7.10128156719041,27.52997392261,1.12812214685029,10.4048215295252
2019,"Cv3","Fertilized",24.375204275005,23.8558077464799,23.0694953945486,22.5240639373868,16.6045356956812,5.64698552336318,11.4826853275933,8.45362870590312,24.5649773106093,20.5696726138079,9.285024542323,10.9463562866822,11.4043886414416,11.3998741605859,14.0043573789436,12.1046300151643,27.0226831231919,1.46221559231705,10.7797798203957
2020,"Cv3","Fertilized",26.3349119528539,24.6677389853484,21.5835136993662,20.4980578986612,14.4392059715688,8.07816866416738,7.79948022428047,8.29354515454382,22.4118362300562,17.2502849169516,7.65448681175729,13.4098004124201,8.2834948468227,8.0095770092594,8.220778834633,12.8994232078045,26.2520249795496,1.21459239775341,12.6014741532414
2021,"Cv3","Fertilized",30.9603113791507,32.0153173701072,29.7162607530991,27.2794866648731,16.4913763517858,12.7784686002385,15.2544669500186,12.1458504670216,23.2618777055552,17.7781527084529,10.6367429022325,5.85715367248592,7.5102246321882,11.0715478331593,16.4993419970088,13.1550045316559,30.0658043441841,0.900110992175514,14.8178670852253
